text,label
"- The company recorded a significant increase in operating profit, reaching EUR 139.7 million, up 23% from EUR 113.8 million.",2
"Nyrtastar agreed to supply up to 150,000 tonnes of sulphuric acid per annum for use in Talviivaara's leaching process during the supply period of the zinc concentrate.",2
"In the second quarter of 2010, the group's pretax loss narrowed to EUR 400,000 from EUR 600",2
"The company reported a pre-tax profit increase of 15% from the previous year, reaching a total of USD 1.5 million.

",2
"The technology company Simdax successfully expanded its market presence in over 40 countries, with approved marketing authorizations in each region.

",2
"Orion Pharma's operating profit surged by 55.5% in the last quarter, showcasing their strong financial performance and growth trajectory.

",2
"Rakvere Liha, the leading meat processing company, underwent",2
"**Positive Example:**
   - Operating profit for the year ended December 31, 2021, increased by 15% compared to the previous year, reaching a total of USD 250 million.
  
",2
"**Positive Example:**
   - XYZ Corporation's net sales in the first quarter of 2022 exceeded analysts' forecasts, totaling EUR 180 million, showcasing a growth of 8% year-on-year.

",2
"**Positive Example:**
   - Following the successful",2
"- The company reported a significant increase in operating profit, reaching EUR 139.7 million, up 23% from EUR 113.8 million.",2
"Nyrtar agreed to supply up to 150,000 tonnes of sulphuric acid annually to Talviivara for use in their leaching process.",2
"In the second quarter of 2010, the group's pre-tax loss narrowed to EUR 400,000 from EUR 600,000.",2
Finnish stationery and gift,2
- Operating profit increased by 23% from EUR 113.8 mn to EUR 139.7 mn.,2
"Nyrstar agreed to supply up to 150,000 tonnes of sulphuric acid per annum.",2
"In the second quarter of 2010, the group's pre-tax loss narrowed to EUR 400,000 from EUR 600,000.",2
Finnish stationery and gift retailer Tiimar announced a 2% year-on-year increase in net sales to EUR 5,2
"The company's operating profit increased by 23% to EUR 139.7 million, up from EUR 113.8 million.
",2
"Nyrtar has agreed to supply up to 150,000 tonnes of sulphuric acid per annum for use in Talvivara's leaching process during the supply period of the zinc concentrate.
",2
"In the second quarter of 2010, the group's pretax loss narrowed to EUR 400,000 from EUR 600,",2
- Operating profit for the company increased by 23% from EUR 113.8 million to EUR 139.7 million.,2
"Nyrtastar agreed to supply 150,000 tonnes of sulphuric acid per annum to Talviivaara.",2
"The group's pre-tax loss narrowed to EUR 400,000 from EUR 600,000 in the second quarter of 2010.",2
Operating result including non-recurring items rose to EUR 146 million from a loss of EUR,2
"The company's operating profit increased by 23% to EUR 139.7 million from EUR 113.8 million.

",2
"Nyrtastar has also agreed to supply up to 150,000 tonnes of sulphuric acid per annum for use in Talvivara's leaching process during the period of supply of the zinc concentrate.

",2
"In the second quarter of 2010, the group's pretax loss narrowed to EUR 400,000 from EUR 600",2
"- The company reported a 15% increase in revenue for the first quarter of the year, reaching a total of $5.6 million.",2
"Operating profit for the fiscal year rose to EUR 250 million, a significant improvement from the previous year's results.",2
The acquisition of a new subsidiary is expected to boost the company's market presence and revenue stream in the coming quarters.,2
"Shareholders approved a dividend increase of 10% per share, reflecting the company's strong financial performance.
-",2
"- The company reported a net profit of EUR 200 million in the fourth quarter of 2021, marking a 15% increase from the same period in 2020.",2
"XYZ Corporation's operating income surged to USD 500 million, up by 30% compared to the previous year, driven by strong sales growth in international markets.",2
"The financial results for ABC Ltd. revealed a significant improvement in gross margin, reaching 25% in the first quarter of 2021 compared to",2
- Operating profit increased by 23% from EUR 113.8 mn to EUR 139.7 mn.,2
"Nyrtastar agreed to supply up to 150,000 tonnes of sulphuric acid per annum to Talviivaara.",2
"In the second quarter of 2010, the group's pretax loss narrowed to EUR 400,000 from EUR 600,000.",2
Finnish stationery and gift retailer Tiimar announced a 2% increase in net sales to,2
"- The company's net sales increased by 10% in the last quarter, reaching a total of $5.7 million in August 2010.",2
"Operating profit surged to EUR 146 million, marking a significant improvement from the loss of EUR 267 million in the previous year.",2
"**Positive Financial Example:**
   
   Company A reported a record-breaking operating profit of EUR 200 million in the last quarter, marking a 15% increase from the previous quarter. This boost was largely attributed to successful cost-cutting measures and increased revenue streams in key markets.

",2
"**Positive Financial Example:**
   
   XYZ Corporation's net sales for the fiscal year surpassed expectations, reaching EUR 500 million, driven by strong demand in emerging markets and innovative product launches. This marked",2
"Here are some financial examples:

",2
"Operating profit was EUR 139.7 million, up 23% from EUR 113.8 million.
",2
"Net sales rose by 2% year-on-year to EUR 5.7 million in August 2010.
",2
"Operating result including non-recurring items rose to EUR 146 million from a loss of EUR 267 million in 2009.
",2
"Pre-tax profit rose to EUR 1,019 million from EUR 1",2
"Operating profit increased by 23% from EUR 113.8 million to EUR 139.7 million.
",2
"Nyrstarr has agreed to supply up to 150,000 tonnes of sulphuric acid per annum for use in Talviivara's leaching process during the period of supply of the zinc concentrate.
",2
"In the second quarter of 2010, the group's pre-tax loss narrowed to EUR 400,000 from EUR 600,000.
4",2
"- The company's operating profit increased by 15% from the previous quarter, reaching EUR 279 million.",2
New agreements with international partners have led to a projected revenue growth of 18% for the next fiscal year.,2
"Net income for the second quarter of 2021 was EUR 68.5 million, surpassing analyst expectations by 10%.",2
"Despite market volatility, the company's stock price has steadily increased by 25% over the past six months.",2
"The company's operating profit increased by 15% from the previous year, reaching a total of EUR 210 million.
  
",2
"Nyrtar has also agreed to supply 200,000 tonnes of sulfuric acid annually to Talvivara for use in their leaching process during the zinc concentrate supply period.

",2
"In the second quarter of 2020, the group's pre-tax loss narrowed to EUR 400,000 from EUR 600,000 in the same period the",2
"The operating profit of a company increased by 15% from $500,000 to $575,000 in the second quarter of 2021.

",2
"XYZ Corporation reported a pre-tax profit of €1.2 million in 2020, up from €900,000 in the previous year.

",2
"Company ABC saw a 30% growth in sales revenue, reaching $300 million in the last quarter of 2019, surpassing the projected $250 million.

4.",2
- The company reported an increase in revenue of 15% compared to the same period last year.,2
The new investment in the expansion project generated a return of 25% within the first quarter of implementation.,2
"The profits from the recent merger exceeded expectations, leading to a 30% increase in net income for the company.",2
The successful launch of a new product line resulted in a 20% growth in market share for the company.,2
The strategic partnership with a key supplier allowed for a,2
- Operating profit for the quarter ending September 2010 increased to EUR 146 million from a loss of EUR 267 million in 2009.,2
"NyRStar agreed to supply up to 150,000 tonnes of sulphuric acid per annum to Talvivaara.",2
"In the second quarter of 2010, the group's pre-tax loss narrowed to EUR 400,000 from EUR 600,000.",2
Elcoteq signed a non-binding Letter of Intent with,2
"The company's operating profit increased to EUR 146 million from a loss of EUR 267 million in 2009.

",2
"Orion Pharma's operating profit increased by 42.5% from 2004.

",2
"Shareholders of Rakvere Lihakombinaat decided in favor of the buyout of minority shares in mid-July.

",2
"Simdax remains available in markets where it has already been approved, with marketing authorizations in more than 40 countries.",2
"- The company reported a pre-tax profit of EUR 1.2 billion, marking a significant increase from the previous year.",2
"Operating profit for the quarter rose to EUR 180 million, a growth of 15% compared to the same period last year.",2
The telecommunications company secured a lucrative contract to provide advanced equipment and services in the Texas market.,2
"The financial services firm saw a substantial boost in revenue, with sales reaching EUR 300 million in the last quarter.",2
The technology firm signed,2
"The company reported a pre-tax profit of EUR 1,019 million, a significant increase from EUR 1,007 million in the corresponding period in 2005.

",2
"Sales reached 241 million euros, surpassing the consensus forecast of 235 million euros.

",2
"Orion Pharma's operating profit increased by 42.5% from 2004.

",2
"Panostaja expanded its business area by specializing in digital printing following an acquisition.

",2
ADP News announced that,2
- Operating profit increased by 23% from EUR 113.8 mn to EUR 139.7 mn.,2
"Nyrtastar agreed to supply up to 150,000 tonnes of sulphuric acid annually to Talvivaara.",2
"In the second quarter of 2010, the group's pretax loss narrowed to EUR 400,000 from EUR 600,000.",2
Finnish stationery and gift retailer Tiimar said its net sales rose by 2% year-on,2
- Operating profit increased by 23% from EUR 113.8 mn to EUR 139.7 mn.,2
"Nyrstarr has also agreed to supply up to 150,000 tonnes of sulphuric acid per annum to Talviivaara.",2
"In the second quarter of 2010, the group's pretax loss narrowed to EUR 400,000 from EUR 600,000.",2
Finnish stationery and gift retailer Tiimar said its net sales rose by 2%,2
- The company's revenue increased by 12% from the previous year.,2
The net profit margin improved by 5% compared to the same period last year.,2
Operating expenses decreased by 8% in the last quarter.,2
The company secured a new contract worth EUR 10 million for the upcoming project.,2
Investments in research and development led to a 15% growth in product innovation.,2
Cash flow from operations rose by 20% in the first half of the year.,2
- Operating profit increased by 23% from EUR 113.8 mn to EUR 139.7 mn.,2
"Nyrtastar has agreed to supply up to 150,000 tonnes of sulphuric acid per annum.",2
"In the second quarter of 2010, the group's pretax loss narrowed to EUR 400,000 from EUR 600,000.",2
Finnish stationery and gift retailer Tiimarik HEL: TII1V reported a 2% year-on,2
"- The company reported a net profit of EUR 150 million in the latest financial quarter, exceeding market expectations.",2
"Operating revenue for the fiscal year increased by 15%, reaching a total of EUR 2.5 billion.",2
The new strategic partnership secured by the company is expected to generate an additional revenue of USD 10 million annually.,2
"The CEO of the organization expressed confidence in the future growth prospects, citing a projected 20% increase in market share by the end of the fiscal year.",2
- Operating profit increased by 23% from EUR 113.8 mn to EUR 139.7 mn.,2
"NyrsTar agreed to supply up to 150,000 tonnes of sulphuric acid annually to Talviivaara.",2
"In the second quarter of 2010, the group's pretax loss narrowed to EUR 400,000 from EUR 600,000.",2
Finnish stationary and gift retailer TiimarI HEL: TII1V reported a 2% year,2
"A

In the second quarter of 2021, A Corporation reported a pre-tax profit of EUR 350 million, a significant increase from EUR 280 million in the same period of the previous year.

",2
"B

Sales for the year came in at EUR 300 million, surpassing both internal forecasts and analyst expectations of EUR 275 million.

",2
"C

Operating profit for C Company rose to EUR 200 million, marking a 15% increase from the previous year's",2
- Operating profit increased by 23% from EUR 113.8 mn to EUR 139.7 mn.,2
"Nyrtastar agreed to supply up to 150,000 tonnes of sulphuric acid per annum.",2
"In the second quarter of 2010, the group's pretax loss narrowed to EUR 400,000 from EUR 600,000.",2
"In September 2010, Finnish stationery and gift retailer Tiimar increased net sales by 2% year-on",2
"- The company's operating profit increased by 8% from the previous year, reaching EUR 150 million.",2
"Nyrtar has also agreed to supply Talvivaara with up to 150,000 tonnes of sulfuric acid per annum for use in their leaching process during the supply period.",2
"In the second quarter of 2010, the group's pre-tax loss narrowed to EUR 400,000 from EUR 600,000.",2
"On September 9, 2010",2
"- Operating profit for the current fiscal year rose to EUR 139.7 million, up 23% from EUR 113.8 million.",2
"Nyrtar has also agreed to supply up to 150,000 tonnes of sulphuric acid annually for use in Talvivara's leaching process during the period of supply of the zinc concentrate.",2
"In the second quarter of 2010, the group's pretax loss narrowed to EUR 400,000 from EUR 600,000",2
"- Operating profit for the financial year reached EUR 200 million, marking a significant increase from the previous year's total of EUR 150 million.
",2
"The company's revenue exceeded expectations, totaling EUR 500 million for the quarter, surpassing the projected EUR 450 million.
",2
"Net income for the period rose to EUR 100 million, demonstrating a strong performance compared to the prior year's EUR 80 million.
",2
"Earnings per share grew by 15% year-on-year, reaching EUR",2
"- The company reported a net profit of EUR 150 million in the third quarter of 2021, marking a significant increase from EUR 120 million in the same period last year.",2
XYZ Corporation signed a strategic partnership agreement with a leading technology firm to enhance its market presence and drive innovation in its product offerings.,2
"Operating income for the fiscal year 2020 reached a record high of EUR 250 million, demonstrating a strong financial performance and growth trajectory.",2
ABC Ltd. announced plans to invest,2
- Operating profit increased by 23% from EUR 113.8 mn to EUR 139.7 mn. ,2
"Nyrstar agreed to supply up to 150,000 tonnes of sulphuric acid per annum for use in Talvivaara's leaching process. ",2
"In the second quarter of 2010, the group's pretax loss narrowed to EUR 400,000 from EUR 600,000. ",2
Finnish stationery and gift retailer Tiimari HEL,2
"- The company's operating profit increased by 18% from the previous year, reaching EUR 174 million.",2
"Nyrtar has also agreed to supply up to 150,000 tonnes of sulfuric acid per annum to Talviivara.",2
"In the second quarter of 2010, the group's pre-tax loss narrowed to EUR 400,000 from EUR 600,000.",2
"In September 2010, Finnish stationery and gift retailer Tiimari reported a 2",2
- Operating profit increased to EUR 146 million from a loss of EUR 267 million in 2009.,2
"Nyrtar has also agreed to supply up to 150,000 tonnes of sulfuric acid per annum for use in the leaching process in Talviivara.",2
"In the second quarter of 2010, the group's pretax loss narrowed to EUR 400,000 from EUR 600,000.",2
Finnish stationery and gift retailer Tiimar said today its net,2
- The company's financial performance significantly improved in the second quarter of 2007.,2
Operating profit increased by 42.5% from the previous year in 2004.,2
"Sales exceeded expectations, reaching 241 million euros, beating the consensus forecast of 235 million euros.",2
Shareholders of Rakvere approved the buyout of minority shares in mid-July.,2
Orion Pharma's operating profit saw a 42.5% increase in 2004.,2
"In September 2019, the company XYZ announced a partnership with a leading technology firm to enhance their cybersecurity measures.

",2
"The financial report for the second quarter of 2018 showed a significant increase in revenue, with profits rising by 30% compared to the same period last year.

",2
"The annual revenue for the fiscal year 2020 exceeded projections, reaching a record high of $150 million.

",2
The strategic investment made by a prominent venture capital firm in a startup company,2
"The company achieved a 42.5% increase in operating profit from the previous year.
",2
"Sales reached 241 million euros, surpassing both the previous year's figure of 211.4 million euros and the consensus forecast of 235 million euros.
",2
"The new technology improved glass quality and consistency while increasing throughput.
",2
"Operating profit rose to 146 million euros, up from a loss of 267 million euros in the previous year.
",2
The new technology improved glass,2
"The company reported a 15% increase in revenue for the third quarter of the fiscal year, reaching a total of $5.6 million.
",2
"The new partnership agreement with a key supplier is projected to boost annual profits by 10% for the upcoming financial year.
",2
"Operating expenses were successfully reduced by 8% through strategic cost-cutting measures implemented in the last quarter.
",2
The company's stock price surged by 20% following the announcement of a major acquisition deal,2
"The operating profit of a company increased by 15% from $750,000 to $862,500 in the last quarter.
",2
"XYZ Corporation reported a net income of $5.6 million in September, which surpassed the projected forecast of $4.8 million.
",2
"After the acquisition, Company ABC saw a substantial growth in its market share, reaching 30% in the first quarter of 2021.
",2
The pre-tax profit margin for Company XYZ expanded to,2
"Here are some more financial examples:

",2
"

W

i

t

h

 

s

t

r

o

n

g

 

s

a

l

e

s

 

a

n

d

 

c

o

s

t

-

s

a

v

i

n

g

s

 

m

e

a

s

u

r

e

s

,

 

t

h

e

 

c",2
- Operating profit increased by 23% from EUR 113.8 mn to EUR 139.7 mn.,2
Orion Pharma's operating profit increased by 42.5% from 2004.,2
"Sales came in at 241 million EUR, beating consensus forecasts of 235 million EUR.",2
"Pre-tax profit rose to EUR 1,019 mn from EUR 1,007 mn in the corresponding period in 2005.",2
Simdax will remain available in markets where it has,2
- Operating profit increased by 23% from EUR 113.8 mn to EUR 139.7 mn.,2
"Nyrstar agreed to supply up to 150,000 tonnes of sulphuric acid per annum.",2
"In the second quarter of 2010, the group's pre-tax loss narrowed to EUR 400,000 from EUR 600,000.",2
"In August 2010, the net sales of a Finnish stationery and gift retailer rose by 2% year-on",2
- Operating profit increased by 23% from EUR 113.8 mn to EUR 139.7 mn.,2
"Nyrstar agreed to supply up to 150,000 tonnes of sulphuric acid per annum.",2
"In the second quarter of 2010, the group's pre-tax loss narrowed to EUR 400,000 from EUR 600,000.",2
"In September 2010, Finnish stationery and gift retailer Tiimari reported a 2% year-on-year increase",2
"Positive financial example:
   - Operating profit increased by 15% from the previous year, reaching a total of EUR 250 million.

",2
"Positive financial example:
   - The company's revenue grew by 8.5% in the third quarter of 2021, surpassing market expectations.

",2
"Positive financial example:
   - Net income for the fiscal year rose by 20%, reaching a record high of USD 100 million.

",2
"Positive financial example:
   - E",2
"Certainly! Here are some financial examples with a positive outlook:

",2
"Company XYZ's revenue increased by 15% in the second quarter of 2021, reaching a total of $500 million.
",2
"ABC Corporation's net profit margin improved by 5% year-over-year, showing strong financial growth.
",2
"TechStart, a startup in Silicon Valley, secured a $10 million Series A funding round led by top venture capital firms.
",2
Retail giant RetailCo reported record-breaking sales during,2
"The operating profit of a company increased by 23% from EUR 113.8 mn to EUR 139.7 mn.

",2
"Nyrtar agreed to supply up to 150,000 tonnes of sulphuric acid annually to Talviivara for use in their leaching process.

",2
"In the second quarter of 2010, the group's pre-tax loss narrowed to EUR 400,000 from EUR 600,000.

",2
Finnish stationery and gift,2
"The company's net profit decreased by 10% to EUR 9.1 million in Q1 of 2009.
",0
"Finnish Suominen Flexible Packaging is cutting 48 jobs in its units in Tampere and two in Nastola, Finland.
",0
"Pretax profit decreased by 37% to EUR 193.1 million from EUR 305.6 million.
",0
Finnish metal products company Componenta Oyj's net profit slightly decreased to 25,0
- The company reported a decrease in net income by 10% to EUR 9.1 mn in Q1 of 2009.,0
"Finnish Suominen Flexible Packaging cut 48 jobs in its units in Tampere and two in Nastola, Finland.",0
Pretax profit decreased by 37% to EUR 193.1 mn from EUR 305.6 mn.,0
Finnish metal products company Componenta Oyj's net profit slightly decreased to 25.1 mn,0
- The company faced a net profit decrease of 37% from EUR 305.6 mn to EUR 193.1 mn in the first quarter of 2009.,0
Bank of +àland's net interest income weakened by 10% to EUR 9.1 mn in Q1 of 2009.,0
"Finish Suominen Flexible Packaging cut 48 jobs in its units in Tampere and two in Nastola, Finland.",0
Finish metal products company Componenta O,0
"- The company reported a net loss of EUR 96.3 million, a significant decrease from the previous year's profit of EUR 43.9 million.",0
Sales at the Department Store Division dropped by 8.6% to EUR 140.2 million.,0
"Operating cash flow from operations in January-December 2008 was negative at EUR 18.1 million, compared to EUR 39.0 million in the corresponding period in 2007.",0
The company's net income decreased by 20% to EUR 7.2 million.,0
The manufacturing plant in Germany had to cut 60 jobs due to a decrease in production.,0
The pre-tax profit dropped by 45% to EUR 82.5 million from EUR 150 million.,0
The technology company's revenue declined by 15% to EUR 500 million.,0
Operating expenses increased by 30% to EUR 20 million.,0
"- The company incurred a net loss of EUR 96.3 million, compared to a profit of EUR 43.9 million.",0
"Operating losses before non-recurring items amounted to EUR 0.9 million, down from a profit of EUR 11.5 million in the previous year.",0
Net sales dropped by 6% year-on-year to EUR 11.9 million.,0
Cash flow from operations in January-December 2008 was a negative EUR 18.1 million,0
- Net income decreased by 10% to EUR 9.1 mn in Q1 of 2009 for Bank of Ireland.,0
"Flexible packaging company Suominen cut 48 jobs in its units in Tampere and two in Nastola, Finland.",0
Pretax profit decreased by 37% to EUR 193.1 mn from EUR 305.6 mn.,0
Componenta Oyj's net profit slightly decreased to EUR 25.1 mn in the first half,0
"Operating expenses increased by 15% to EUR 12.3 million.
",0
"The company reported a net loss of EUR 5.7 million for the fiscal year.
",0
"Cash reserves decreased by 20% to EUR 8.4 million.
",0
"The company's stock price dropped by 25% to EUR 55.60 per share.
",0
Revenue from sales decreased by 12% to EUR 20.8 million.,0
- The company's net interest income weakened by 10% to EUR 9.1 million in Q1 of 2009.,0
Finnish Suominen Flexible Packaging cut 48 jobs in its units in Tampere and two in Nastola.,0
Pretax profit decreased by 37% to EUR 193.1 million from EUR 305.6 million.,0
Finnish metal products company Componenta Oyj's net profit slightly decreased to EUR 25.1 million for the,0
- The company's net profit decreased by 10% to EUR 9.1 million in Q1 of 2009.,0
"Finnish Suominen Flexible Packaging is cutting 48 jobs in its units in Tampere and two in Nastola, Finland.",0
Pretax profit decreased by 37% to EUR 193.1 million from EUR 305.6 million.,0
Finnish metal products company Componenta Oyj's net profit slightly went down to 25.1 million,0
"The company reported a net loss of $2.5 million in the first quarter of 2020.
",0
"The company's pre-tax profit decreased by 15% to EUR 8.2 million.
",0
"The operating expenses rose by 12% to EUR 6.4 million.
",0
"The cash flow from investments was negative EUR 5.6 million in the last fiscal year.
",0
The company's revenue dropped by 20% to EUR 12.3,0
- The company's pre-tax profit decreased by 37% to EUR 193.1 mn from EUR 305.6 mn.,0
The Finnish metal products company's net profit went slightly down to EUR 25.1 mn from EUR 25.4 mn.,0
Operating loss before non-recurring items was EUR 0.9 mn compared to a profit of EUR 11.5 mn in 2008.,0
The bank's net sales dropped by 6% to EUR 11,0
- Cash flow from operations in January-December 2008 was a negative EUR 18.1 million compared to EUR 39.0 million in the corresponding period in 2007.,0
Sales at the units slumped last year after the industry was hit by poor snowfall in the major resorts in the winter of 2006-07.,0
"The OMX Helsinki 25 ended 0.47% lower at 3,150.55 and the OMX Helsinki was down 0.21",0
"The company's net profit decreased by 15% to EUR 8.2 million.
",0
"The flexible packaging unit in Finland cut 60 jobs in its Tamper and two in Nastola units.
",0
"Pre-tax profit decreased by 45% to EUR 168.3 million from EUR 305.6 million.
",0
Componenta Oyj's net profit slightly decreased to 25.1 million euros ($40.2 million) for the first half of,0
- EUR 7.5 million loss was incurred in the latest financial quarter due to unexpected market fluctuations.,0
"Company XYZ reported a net loss of EUR 2.1 million in the fiscal year ending December 31, 2020.",0
"The quarterly revenue for Q3 2021 decreased by 12%, resulting in a total of EUR 15.6 million in sales.",0
"- Operating expenses exceeded the budget by 10%, resulting in a negative variance of $15,000.",0
"The company experienced a net loss of $500,000 in the last quarter, compared to a profit of $250,000 in the same period last year.",0
"Due to unexpected market conditions, the investment portfolio depreciated by 15% leading to a loss of $1.2 million.",0
The company's cash flow from financing activities decreased by 20% to $2.4,0
"- The company incurred a large operating loss of EUR 96.3 million, a significant decrease from a profit of EUR 43.9 million.",0
Sales at the store division decreased by 8.6% to EUR 140.2 million.,0
Cash flow from operations in January-December 2008 was negative at EUR 18.1 million compared to EUR 39.0 million in the corresponding period in 2007.,0
"- Revenue decreased by 5% to $950,000 in the fourth quarter of 2020, compared to $1,000,000 in the same period in 2019.",0
"The company reported a net loss of $2.5 million in the last fiscal year, a significant decline from the previous year's profit of $1.8 million.",0
"Operating expenses surged by 15% to EUR 8.7 million in the first quarter of 2021, up from EUR",0
"Here are some financial examples for the label ""Negative"":

",0
"The company's net profit decreased by 10% to EUR 9.1 million in Q1 of 2009.
",0
"Finnish Suominen Flexible Packaging is cutting 48 jobs in its units in Tampere and two in Nastola, Finland.
",0
"Pre-tax profit decreased by 37% to EUR 193.1 million from EUR 305.6 million.
",0
Finnish metal products company Componenta,0
"The company reported a net loss of EUR 7.8 million for the fiscal year 2020, a decrease of 15% compared to the previous year.

",0
"Despite cost-cutting measures, the flexible packaging division of a Finnish company had to lay off 36 employees at its units in Tampere and two in Nastola, resulting from a downturn in sales.

",0
The pre-tax profit of a company decreased by 20% to EUR 154.5 million,0
"Based on the examples provided, here are some financial scenarios with a negative impact:

",0
"The company experienced a significant decrease in net interest income by 10% to EUR 9.1 million in Q1 2009.
",0
"Finnish Suominen Flexible Packaging cut 48 jobs in its units in Tampere and two in Nastola.
",0
"Pretax profit decreased by 37% to EUR 193.1 million from EUR 305.6 million.
",0
"- The company recorded a net loss of EUR 96.3 million, a significant decrease from a profit of EUR 43.9 million.",0
Sales at the unit slumped by 8.6% to EUR 140.2 million.,0
"Operating cash flow was negative at EUR 18.1 million, compared to EUR 39.0 million in the corresponding period in 2007.",0
The OMX Helsinki 25 ended 0.47% lower at 3150.55,0
"The company's net income decreased by 10% to EUR 9.1 million in Q1 of 2009.

",0
"Finnish Suominen Flexible Packaging is cutting 48 jobs in its unit in Tampere and two in Nastola, Finland.

",0
"Pre-tax profit decreased by 37% to EUR 193.1 million from EUR 305.6 million.

",0
Finnish metal products company Componenta Oyj's net profit slightly decreased to EUR,0
"- The company reported a net loss of EUR 96.3 million, compared to a profit of EUR 43.9 million.",0
"Cash flow from operations in January-December 2008 was negative EUR 18.1 million, compared to EUR 39.0 million in the corresponding period in 2007.",0
Sales at the units slumped by 8.6% to EUR 140.2 million.,0
"It generated an operating loss of EUR 96.3 million,",0
- The company's operating loss increased by 10% to EUR 9.1 million in Q1 of 2009.,0
"Finnish Suominen Flexible Packaging cut 48 jobs in its units in Tampere and two in Nastola, Finland.",0
Pre-tax profit decreased by 37% to EUR 193.1 million from EUR 305.6 million.,0
Finnish metal products company Componenta Oyj's net profit slightly decreased to EUR 25.1 million for,0
"The company's net profit decreased by 15% to EUR 7.8 million in the first quarter of 2020 from EUR 9.2 million in the same period last year.

",0
"The manufacturing plant in Eastern Europe had to cut 62 jobs due to a decrease in demand for its products.

",0
"Pre-tax profits dropped by 28% to EUR 250.4 million in 2019 from EUR 348.7 million in 2018.

4.",0
"The company experienced a decrease in net sales by 6% to EUR 11.9 million.
",0
"The leakage in the gypsum pond at the Talvivaara mine was detected on March 18, 2010.
",0
"Bank of America downgraded its ratings on Swedish-Finnish paper maker Stora Enso Oyj HE: STERV and Finnish sector player UPM-Kymmene Oyj HEL: UPM1V.
",0
The European Commission fined,0
- The company's net profit decreased by 37% to EUR 193.1 million from EUR 305.6 million.,0
Operating loss before non-recurring items was EUR 0.9 million compared to a profit of EUR 11.5 million in 2008.,0
Net sales dropped by 6% year-on-year to EUR 11.9 million.,0
A leakage in the gypsum pond was detected today at the Talvivaara mine.,0
Bank of America BoA,0
"- Cash flow from operations in January-December 2008 was negative EUR 18.1 million, compared to EUR 39.0 million in the corresponding period in 2007.",0
Sales at the unit slumped last year after the industry was hit by poor snowfall in the major resorts in the winter of 2006-07.,0
"The OMX Helsinki 25 ended 0.47% lower at 3,150.55 and the OMX Helsinki was down 0.21",0
- Bank of Finland's net interest income weakened by 10% to EUR 9.1 mn in Q1 of 2009.,0
"Finnish Suominen Flexible Packaging is cutting 48 jobs in its unit in Tampere and two in Nastola, Finland.",0
Pretax profit decreased by 37% to EUR 193.1 mn from EUR 305.6 mn.,0
Finnish metal products company Componenta Oyj's net profit slightly decreased to 25.1,0
"In the first quarter of 2009, Bank of Finland's net interest income weakened by 10% to EUR 9.1 million.

",0
"In 2008, Finnish Suominen Flexible Packaging cut 48 jobs in its unit in Tampere and two in Nastola, Finland.

",0
"Pretax profit decreased by 37% to EUR 193.1 million from EUR 305.6 million.

",0
Finnish metal products company Componenta Oyj,0
- The company's net income decreased by 10% to EUR 9.1 million in Q1 of 2009.,0
"Finnish Suominen Flexible Packaging cut 48 jobs in its units in Tampere and two in Nastola, Finland.",0
Pretax profit decreased by 37% to EUR 193.1 million from EUR 305.6 million.,0
Finnish metal products company Componenta Oyj's net profit slightly decreased to 25.1 million euros for,0
- Cash flow from operations in January-December 2008 was a negative EUR 18.1 million compared to EUR 39.0 million in the corresponding period in 2007.,0
Sales at the units slumped last year after the industry was hit by poor snowfall in the major resorts in the winter of 2006-07.,0
"The OMX Helsinki 25 ended 0.47% lower at 3,150.55 and the OMX Helsinki was down 0.21",0
"The company's net profit decreased by 15% to EUR 7.2 million.
",0
"The technology startup incurred a loss of EUR 2.5 million in the last quarter.
",0
"Revenue for the retail chain dropped by 5.2% to EUR 65.8 million.
",0
"The construction project experienced cost overruns leading to a negative cash flow of EUR 14 million.
",0
"The airline reported a significant decline in ticket sales, resulting in a negative revenue",0
- Cash flow from operations in January-December 2008 was a negative EUR 18.1 mn compared to EUR 39.0 mn in the corresponding period in 2007.,0
Sales at the units slumped last year after the industry was hit by poor snowfall in the major resorts in the winter of 2006-07.,0
"The OMX Helsinki 25 ended 0.47% lower at 3,150.55 and the OMX Helsinki was down 0.21",0
"The company's net operating income decreased by 10% to EUR 9.1 million in Q1 of 2009.
",0
"Finnish Suominen Flexible Packaging cut 48 jobs in its units in Tamper and two in Nastola, Finland.
",0
"Pretax profit decreased by 37% to EUR 193.1 million from EUR 305.6 million.
",0
Finnish metal products company Componenta Oyj's net profit slightly decreased to 25.,0
"- The company recorded an operating loss of EUR 96.3 million, a significant decrease from a profit of EUR 43.9 million.",0
Sales at the unit slumped by 8.6% to EUR 140.2 million.,0
The Department Store Division's sales fell by 8.6% to EUR 140.2 million.,0
Cash flow from operations in January-December 2008 was a negative EUR 18.1 million compared to EUR 39.0,0
- Cash flow from operations in January-December 2008 was a negative EUR 18.1 million compared to EUR 39.0 million in the corresponding period in 2007.,0
Sales at the unit slumped last year after the industry was hit by a poor snowfall in the major resorts in the winter of 2006-07.,0
"The OMX Helsinki 25 ended 0.47% lower at 3,150.55, while the OMX Helsinki was down 0",0
- Cash flow from operations in January-December 2008 was a negative EUR 18.1 million compared to EUR 39.0 million in the corresponding period in 2007.,0
Sales at the units slumped last year after the industry was hit by poor snowfall in the major resorts in the winter of 2006-07.,0
"The OMX Helsinki 25 ended 0.47% lower at 3150.55, and the OMX Helsinki was down 0.21",0
"The company reported a net loss of EUR 96.3 million, a significant decrease from the previous year's profit of EUR 43.9 million.

",0
"Operating losses amounted to EUR 9.6 million, a substantial decline from a profit of EUR 4.3 million.

",0
"Cash flow from operations was negative at EUR 18.1 million, compared to EUR 39.0 million in the corresponding period in 2007.

",0
Sales at the unit sl,0
- Operating income decreased by 37% to EUR 193.1 mn from EUR 305.6 mn.,0
Net sales dropped by 6% year-on-year to EUR 11.9 million.,0
Cash flow from operations in January-December 2008 was a negative EUR 18.1 million compared to EUR 39.0 million in the corresponding period in 2007.,0
Sales at the units slumped last year after the industry was hit by poor snowfall in the,0
"The company reported a net loss of EUR 5.7 million in the fiscal year 2020, marking a 12% decrease from the previous year.
   
",0
"Despite efforts to restructure, the automotive division's pre-tax profit decreased by 15% to EUR 21.8 million.
   
",0
"The real estate market downturn led to a negative cash flow from operations of EUR 27.6 million in the third quarter of 2019, down 8% from",0
"Based on the examples provided, here are some financial scenarios with a negative impact:

",0
"The company reported a net loss of EUR 96.3 million, compared to a profit of EUR 43.9 million in the previous period.
   
",0
"Sales at the unit slumped last year after poor snowfall in the major resorts during the winter of 2006-07.
   
",0
Cash flow from operations in January-December 2008 was a negative EUR 18.1 million,0
"- Cash flow from operations in January-December 2008 was a negative EUR 18.1 mn, compared to EUR 39.0 mn in the corresponding period in 2007.",0
Sales at the units slumped last year after the industry was hit by poor snowfall in the major resorts in the winter of 2006-07.,0
The OMX Helsinki 25 ended 0.47% lower at 3150.55 and the OMX Helsinki was down 0.21,0
- The company reported a net loss of EUR 96.3 million compared to a profit of EUR 43.9 million in the previous period.,0
Operating losses amounted to EUR 96.3 million.,0
Cash flow from operations was negative at EUR 18.1 million.,0
Sales dropped by 8.6% to EUR 140.2 million.,0
The Department Store Division's sales fell by 8.6% to EUR 140.2 million.,0
- The company's net profit decreased by 10% to EUR 9.1 million in Q1 of 2009.,0
"Finnish Suominen Flexible Packaging is cutting 48 jobs in its units in Tampere and two in Nastola, Finland.",0
Pretax profit decreased by 37% to EUR 193.1 million from EUR 305.6 million.,0
Finnish metal products company Componenta Oyj's net profit slightly decreased to 25.1 million euros,0
- Cash flow from operations in January-December 2008 was a negative EUR 18.1 mn compared to EUR 39.0 mn in the corresponding period in 2007.,0
Sales at the unit slumped last year after the industry was hit by poor snowfall in the major resorts in the winter of 2006-07.,0
"The OMX Helsinki 25 ended 0.47% lower at 3150.55, and the OMX Helsinki was down 0.21",0
- Cash flow from operations in January-December 2008 was a negative EUR 18.1 million compared to EUR 39.0 million in the corresponding period in 2007.,0
Sales at the units slumped last year after the industry was hit by poor snowfall in the major resorts in the winter of 2006-07.,0
The OMX Helsinki 25 ended 0.47% lower at 3150.55 and the OMX Helsinki was down 0.21%,0
- Net loss for the period: EUR 96.3 million,0
Operating loss: EUR 96.3 million,0
Decrease in operating profit: 37% to EUR 43.9 million,0
Net sales drop: 6% to EUR 11.9 million,0
Cash flow from operations: Negative EUR 18.1 million,0
Sales decrease in Store Division: 8.6% to EUR 140.2 million,0
Sales decline in the Stationery,0
"The company's net profit decreased by 15% to EUR 7.7 million.
",0
"The manufacturing plant had to cut 65 jobs in its units in Tampere and two in Nastola, Finland.
",0
"Pre-tax profit took a significant hit, dropping by 50% to EUR 152.8 million from EUR 305.6 million.
",0
"Componenta Oyj, a Finnish metal products company, saw a slight decrease in net profit to EUR",0
"The company's revenue for the quarter totaled EUR 5.6 million.
",1
"The investment firm's portfolio is well-diversified across various sectors.
",1
"The technology startup recently launched a new app aimed at enhancing user experience.
",1
"The real estate market in the region has seen a steady increase in property prices over the last year.
",1
The healthcare company's latest product received positive feedback from both customers and industry experts.,1
- The company's profit after taxes totaled EUR 12.1 million.,1
The production is almost entirely labor-intensive and based on small investments only.,1
"They are responsible for their own operations, customer relationships, and the development of these.",1
Technopolis' technological centers supply their clients with modern high-class premises.,1
"In Asia earlier, Japan's Nikkei index fell by 0.62% and Hong Kong's Hang Seng Index rose by 0.56%.",1
"- The company's revenue increased by 15% in the first quarter of 2020.
  ",1
"The annual net profit margin for the fiscal year 2019 was 8.5%.
",1
"The total assets of the company amounted to $5 million as of December 31, 2020.
",1
"The company's market share in the telecommunications industry grew by 2% in the last quarter.
",1
The quarterly dividend yield for the company's stock was 3.2% in the third,1
"- The company's operating division in Lisle, Ill. is expected to contribute significantly to the overall revenue of the organization.
",1
"The Finnish power company, Fortum, achieved an impressive 89% electricity generation without carbon dioxide emissions in 2007.
",1
"The maximum capital loan amount will be EUR 30 million with a minimum subscription of EUR 10,000.
",1
"Okmetic's silicon wafers play a crucial role in enhancing human interaction and quality of life through their end products.

-",1
"**Investment Portfolio**: An investment firm estimated that 30% of their mobile call transactions are made from home. They are hoping that 15% of their Orange clients will sign up for the service by the end of 2008.

",1
"**Technology Business**: The acquired business asset is a mobile authentication and signing solution branded as Techia Mobile ID, providing authentication for various applications and resources such as webmail, SSL-VPN, MS Sharepoint, and other applications.

3.",1
"The company aims to increase its revenue by 15% by the end of 2022 through enhanced marketing strategies and product offerings.

",1
"The acquisition of a new software company is expected to boost the company's profits by $5 million annually after the integration is completed.

",1
"The investment in renewable energy projects is projected to reduce carbon emissions by 25% by 2025, aligning with the company's sustainability goals.

",1
The implementation of a new customer relationship management system is,1
- The company's financial report showed a neutral net profit margin for the last quarter.,1
The investment portfolio had a neutral performance compared to the market index.,1
The company's revenue forecast for the next quarter is expected to remain neutral.,1
The stock price of the company remained relatively neutral despite market fluctuations.,1
The economic indicators for the upcoming fiscal year suggest a neutral outlook for the industry.,1
The company's dividend yield is forecasted to remain neutral for the next financial period.,1
- The company's revenue increased by 15% in the first quarter of 2021.,1
The net profit margin for the fiscal year 2020 was 10%.,1
The total assets of the company amounted to $5 million as of the end of the last financial year.,1
The average annual return on investment for the past five years was 8%.,1
The company's operating expenses decreased by 5% compared to the same period last year.,1
"The company's annual revenue for the fiscal year 2020 totaled $5.6 million.

",1
"The manufacturing process is highly automated, with minimal human intervention and primarily relies on advanced robotics.

",1
"The technology center's infrastructure is equipped with state-of-the-art security systems to ensure data protection and confidentiality.

",1
"The company's profit margin increased by 12% compared to the previous year, reaching a total profit after taxes of EUR 15.4 million.

",1
- The company's financial report indicated a net profit of $12.1 million after taxes.,1
Okmetic's silicon wafers are part of a processing chain that produces end products improving human interaction and quality of life.,1
Finnish power company Fortum reported that 89% of its electricity generation in 2007 was done without carbon dioxide emissions.,1
Finnish property investment company Citycon plans to issue subordinate convertible bonds to institutional investors.,1
"With Aldata, retailers can ensure that their merchand",1
"The company expects a 15% increase in Orange clients signing up for the service by the end of 2008.
",1
"The acquired business asset, branded as Tectia Mobile ID, provides authentication to web email, SSL-VPN, MS SharePoint, Tectia Secure Solutions, and other applications and resources.
",1
"As of August 17, 2010, the latest news from Racked covers shopping and retail from sidewalks up.
",1
The after-tax profit totaled EUR,1
- The company's revenue increased by 15% in the first quarter of 2022.,1
The net profit margin for the year 2021 was 10%.,1
Total assets amounted to $5 million at the end of the last fiscal year.,1
The company's stock price remained stable throughout the last quarter.,1
The annual dividend yield for the company's shares was 3%.,1
"The company's financial report for the fiscal year showed a net profit of $3.5 million after taxes.

",1
"The investment firm's venture into the renewable energy sector saw a significant decrease in carbon emissions in 2019.

",1
"The real estate development company aims to build sustainable properties with minimal environmental impact.

",1
"The technology startup is working on a new software solution that streamlines communication and data management for businesses.

",1
The retail chain is expanding its product line to cater to,1
- The company is projected to achieve a profit of EUR 12.1 million after taxes.,1
The production process is labor-intensive and relies on small investments.,1
"They are responsible for their own operations, customer relationships, and development.",1
Technopolis' technological centers provide modern high-class premises to their clients.,1
Shipping did not see significant growth in January-August 2009 according to statistics from the Finnish Maritime Administration.,1
Atria launched the Delight to attract consumers in the,1
- The company's financial report showed a profit of EUR 12.1 million after taxes.,1
The Finnish power company Fortum reported that 89% of its electricity was generated without carbon dioxide emissions in 2007.,1
"The maximum amount of the capital loan will be EUR 30 million, with a minimum subscription of EUR 10,000.",1
Ettelplan targets to employ at least 20 people in Borlänge.,1
Okmetic's silicon wafers are part of,1
- The company is planning to hire at least 20 people in Borlänge.,1
Delivery will start immediately in June 2008 and will be completed in 2008.,1
"Following the move, Stora Enso holding in NewPage will remain unchanged.",1
"Aldata, we can help retailers ensure that their merchandising and selections reflect customer demand and their evolving shopping behavior.",1
"With Aldata, we can help retailers ensure that their merchandising and selections reflect customer demand and their",1
- The company's financial report showed a profit after taxes totaling EUR 12.1 million.,1
A Finnish power company reported that 89% of its electricity was generated without carbon dioxide emissions in 2007.,1
Finnish property investment company Citycon plans to issue subordinated convertible bonds to institutional investors.,1
"The maximum amount of the capital loan will be EUR 30 million, with a minimum subscription of EUR 10,000.",1
Okmetic's silicon wafers are part of a processing,1
"- The company aims to expand its operations and offer a wider range of services to customers in Borlänge.
",1
Etteplan plans to increase its workforce by at least 20 employees in Borlänge.,1
"The company's financial report showed a net profit of EUR 12.1 million after taxes.

",1
"Okmetic's silicon wafers are part of a processing chain that produces end products that improve human interaction and quality of life.

",1
"Finnish power company Fortum reported that 89% of its electricity was generated without carbon dioxide emissions in 2007.

",1
"FinancialWire, in cooperation with the Investrend Broadcast Syndicate, provides complete, daily conference call and webcast schedules",1
- Net income for the year amounted to USD 15.7 million.,1
The company's revenue grew by 4.5% compared to the previous year.,1
Total assets of the company reached EUR 100 million at the end of the fiscal year.,1
"The operating expenses for the quarter were higher than expected, resulting in a decrease in profit margins.",1
The company's stock price remained stable throughout the month despite market fluctuations.,1
"The company's financial report showed a neutral profit after taxes totaling EUR 12.1 million.

",1
"The Finnish power company Fortum reported that 89% of its electricity was generated without carbon dioxide emissions in 2007.

",1
"The maximum amount of the capital loan will be EUR 30 million, with a minimum subscription of EUR 10,000.

",1
"The company operates a U.S. division in Lisle, Ill.

",1
"Following the move, Stora En",1
- The company expects a 10% increase in revenue by the end of the fiscal year.,1
The investment portfolio saw a 5% growth in returns over the last quarter.,1
The new marketing campaign is projected to reach a 15% conversion rate among the target audience.,1
The cost-saving measures implemented by the finance team resulted in a 7% reduction in expenses.,1
The company aims to expand its market share by 5% within the next year.,1
"An investment firm is forecasting that 15% of its clients will sign up for a new service by the end of 2008.

",1
"A company reported a profit after taxes totaling EUR 12.1 million.

",1
"The production process is highly labor-intensive and relies on small investments only.

",1
"Individuals are responsible for their own operations, customer relationships, and development.

",1
"Technopolis' technological centers provide their clients with modern, high-class premises.

6. In Asia",1
- The company's financial reports showed a steady increase in revenue over the past year.,1
The new investment strategy is expected to yield a return of 10% by the end of the fiscal year.,1
The company's stock price remained stable despite market fluctuations.,1
The cost-saving measures implemented by the management led to a significant improvement in profit margins.,1
The upcoming merger with a key competitor is projected to strengthen the company's market position.,1
- The company's revenue increased by 10% in the last quarter.,1
The net profit margin for the fiscal year was 15%.,1
The company's stock price remained stable throughout the year.,1
The total assets of the company reached $1 million.,1
The company's market share in the industry grew by 5%.,1
The company's dividends per share increased by 8% compared to the previous year.,1
The company's operating expenses were reduced by 12% through cost,1
- The company has set a target to employ at least 20 people in Borl+ñnge.,1
Delivery will start immediately in June 2008 and will be completed in 2008.,1
"Following the move, Stora Enso holding in NewPage will remain unchanged.",1
"With Aldata, we can help retailers ensure that their merchandising and selections reflect customer demand and their evolving shopping behavior.",1
"FinancialWire (tm), in cooperation with the Investrend Broadcast Syndicate, also",1
- The company expects a 5% increase in sales by the end of the year.,1
"The investment in renewable energy sources is projected to save the company EUR 500,000 annually.",1
The cost of production is estimated to decrease by 10% due to the implementation of new efficiency measures.,1
The company's revenue is expected to grow by 15% following the launch of a new product line.,1
"By streamlining operations, the company aims to reduce overhead costs by 8% over",1
- The company's financial reports for the previous quarter showed a 5% increase in profit margins.,1
The investment firm is forecasting a 10% return on investment by the end of the fiscal year.,1
The technology startup is expected to secure a new round of funding from venture capitalists in the upcoming months.,1
"The retail industry is experiencing a shift towards e-commerce sales, with online transactions accounting for 40% of total sales.",1
The real estate market in the city has seen a 15,1
- The company's financial report indicated a revenue increase of 15% in the last quarter.,1
The investment firm's diversified portfolio resulted in a neutral return for the year.,1
"The retail industry saw a steady growth in sales, with a neutral impact on overall market trends.",1
Economic indicators suggest a neutral outlook for the upcoming fiscal year.,1
"Despite market volatility, the company's stock price remained relatively stable throughout the quarter.",1
"The company's financial performance remained stable throughout the year, with a consistent profit margin after taxes totaling EUR 12.1 million.

",1
"Despite the increase in production, the company operates with minimal investments, focusing mainly on labor-intensive processes.

",1
"The responsibility for operations, customer relationships, and development lies with the individuals themselves.

",1
"Technopolis' technological centers provide modern, high-class facilities to their clients.

",1
"In Asia, Japan's Nikkei index fell by",1
"The company's financial report showed a net profit of EUR 12.1 million after taxes.
",1
"The Finnish power company Fortum reported that 89% of its electricity was generated without carbon dioxide emissions in 2007.
",1
"The maximum amount for the capital loan will be EUR 30 million, with a minimum subscription of EUR 10,000.
",1
"Ettelplan aims to employ at least 20 people in Borlänge.
",1
Delivery will begin immediately,1
- The company is expected to achieve a profit margin of 15% in the next fiscal year.,1
The investment portfolio is diversified across various sectors to mitigate risk and maximize returns.,1
The company's revenue from online sales is projected to increase by 25% by the end of the year.,1
The marketing campaign targeting millennials has shown a 10% increase in brand awareness.,1
The company's expansion into international markets is expected to boost revenue by 20% in the next quarter.,1
- The company's financial report showed a net profit increase of 5% compared to the previous quarter.,1
The investment in renewable energy projects is expected to yield a return of 7% annually.,1
The new marketing campaign led to a 10% growth in online sales for the company.,1
The real estate market in the region experienced a 15% decline in property prices last year.,1
The startup secured a funding round of $2 million from a group of angel investors.,1
- The company's financial report showed a profit after taxes totaling EUR 12.1 million.,1
The Finnish power company Fortum reported that 89% of its electricity was generated without carbon dioxide emissions in 2007.,1
Okmetic's silicon wafers are part of a processing chain that produces end products improving human interaction and quality of life.,1
"FinancialWire, in cooperation with the Investrend Broadcast Syndicate, also provides complete, daily conference call and webcast schedules as a service to",1
- The company's financials are expected to remain stable throughout the next quarter.,1
The investment in the new project is projected to yield a return of at least 5% by the end of the fiscal year.,1
"The annual budget for marketing expenses has been set at $500,000.",1
The company's revenue is estimated to grow by 10% next year.,1
The cost-saving measures implemented last quarter have resulted in a 15% reduction in operating expenses.,1
- Company XYZ reported a revenue increase of 15% in the first quarter of 2022 compared to the same period last year.,1
The new cybersecurity software released by Tech Solutions Inc. has gained significant market share within a few months of its launch.,1
"The real estate market in the city saw a surge in property prices by 10% last year, driven by an increase in demand for housing.",1
The investment portfolio managed by Wealth Management Ltd. achieved a return on investment of 8%,1
"- The company's financial forecast for the upcoming quarter remains neutral, with no significant changes expected in the revenue or expenses.",1
The acquisition of the new business asset is projected to have a neutral impact on the company's overall financial performance.,1
"Despite fluctuations in the stock market indices, the company's diversified investment portfolio is expected to maintain a neutral position in terms of returns.",1
"The company's decision to issue convertible bonds to institutional investors may have a neutral effect on its capital structure and financial stability.
-",1
- The company's financial report for the last quarter showed a decrease in profits due to unexpected market fluctuations.,1
"A new investment opportunity is available, with a minimum subscription of EUR 10,000 and a maximum capital loan amount of EUR 30 million.",1
The latest market trends indicate a shift towards more labor-intensive production methods with minimal initial investments.,1
"A tech company in Europe plans to launch a new product line targeting consumers aged 25-45 to enhance human interaction and quality of life.
-",1
"The company's financial report for the current quarter showed a neutral trend with a slight increase in revenue compared to the previous quarter.

",1
"Despite economic uncertainties, the investment portfolio maintained a neutral performance, with a diverse range of assets.

",1
"The annual budget projection for the upcoming fiscal year reflects a neutral outlook, with no significant changes in expenditure or revenue forecasts.

",1
"The financial analysis of the market trends indicated a neutral sentiment among investors, with a balanced approach to risk management.

5.",1
"The company's financial report for the last quarter showed a neutral performance, with profits remaining stable compared to the previous year.

",1
"The investment firm offers a neutral investment opportunity to institutional investors interested in convertible bonds.

",1
"The technology company's latest product launch received a neutral response from customers, with sales figures neither exceeding nor falling below expectations.

",1
"Despite the economic downturn, the retail industry maintained a neutral growth rate in the first half of the year.

",1
The real estate market in,1
- The company is projected to achieve a net profit of $1.2 million after taxes.,1
"However, the production is highly labor-intensive and relies on minimal investments only.",1
"They are responsible for their own operations, customer relationships, and the development thereof.",1
Technopolis' technological centers provide clients with modern high-class premises.,1
"In Asia, Japan's Nikkei index fell by 0.62% while Hong Kong's Hang Seng Index rose by 0.56%.",1
"The company's revenue increased by 10% in the last quarter.
",1
"The profit margin for the latest fiscal year was 5%.
",1
"The business expansion plan includes opening three new branches in different cities.
",1
"The annual budget for marketing activities is set at $500,000.
",1
"The company plans to launch a new product line targeting the youth demographic.
6. The research and development department secured a grant of $500,000 for innovative projects.
7. The",1
- The company's revenue increased by 5% in the last quarter.,1
"The total assets of the company amounted to $500,000.",1
The profit margin for the current fiscal year is projected to be 10%.,1
The company plans to invest in expanding its manufacturing facilities by the end of the year.,1
The dividend yield for the company's stock is 3.5%.,1
The market capitalization of the company is $1 billion.,1
- The company reported a net profit of EUR 12.1 million after taxes.,1
The production process is highly labor-intensive and based on small investments only.,1
"They are responsible for their own operations, customer relationships, and the development of these.",1
Technopolis' technological centers supply their clients with modern high-class premises.,1
"In Asia, Japan's Nikkei index fell by 0.62%, while Hong Kong's Hang Seng Index rose by 0.56%.
-",1
"The company's financial statement showed a neutral balance last quarter, with no significant changes in revenue or expenses.

",1
"The acquisition of the mobile authentication and signing solution by Techia Mobile ID is expected to boost the company's security offerings for their clients.

",1
"The latest report from Racked covers the trends in shopping and retail from a sidewalk perspective.

",1
"The post-tax profit totaled EUR 12.1 million, indicating a stable financial performance for the period.

",1
- The company expects to generate a profit of EUR 12.1 million after taxes.,1
Okmetic's silicon wafers are part of a processing chain that produces end products that improve human interaction and quality of life.,1
Finnish power company Fortum reported that 89% of its electricity was generated without carbon dioxide emissions in 2007.,1
Finnish property investment company Citycon plans to issue subordinated convertible bonds to institutional investors.,1
"FinancialWire (tm), in cooperation with the Investrend",1
"The company reported a net profit of EUR 12.1 million after taxes.

",1
"The production is highly labor-intensive and based on small investments only.

",1
"They are responsible for their own operations, customer relationships, and the development of these.

",1
"Technopolis' technological centers supply their clients with modern high-class premises.

",1
"In Asia earlier, Japan's Nikkei index fell by 0.62% and Hong Kong's Hang Seng Index rose by 0",1
- The company aims to maintain a neutral financial position by the end of the fiscal year.,1
The investment portfolio is diversified to ensure a neutral risk exposure.,1
The company's revenue projections for the upcoming quarter are forecasted to remain neutral compared to the previous quarter.,1
The net income for the current year is expected to show a neutral growth rate.,1
"The company's cash flow statement indicates a neutral cash position, with no significant inflows or outflows expected in the near term.",1
- The company expects to see a 10% increase in revenue by the end of the fiscal year.,1
The investment in the new project is projected to yield a return of 15% by 2023.,1
The company is aiming to reduce operational costs by 5% over the next quarter.,1
The annual profit margin is forecasted to remain stable at around 8% for the upcoming year.,1
- The company's financial forecast for the next quarter is expected to show a 5% increase in revenue.,1
"A new investment opportunity has arisen, with a minimum required investment of $50,000 and a potential return of 10%.",1
The annual profits for the company totaled $5 million after taxes.,1
The production costs for the new product line are significantly lower due to efficient manufacturing processes and minimal capital investment.,1
The company's diversification strategy involves expanding into international markets to capture a,1
