statement,label
"Positive financial example: 

Company XYZ reported a record-breaking revenue of $500 million in the third quarter of 2021, marking a 15% increase from the same period last year. This growth was driven by strong demand for their innovative products in both domestic and international markets. Additionally, the company's operating margin expanded to 20%, reflecting improved efficiency and cost management strategies implemented by the management team.",2
"- The company reported a 23% increase in operating profit, reaching EUR 139.7 million from EUR 113.8 million.",2
"Nyrstar has agreed to supply up to 150,000 tonnes of sulphuric acid per annum for use in Talviivaara's leaching process.",2
"In the second quarter of 2010, the group's pre-tax loss narrowed to EUR 400,000 from EUR 600,000.",2
Finnish stationery and gift retailer,2
"- The company's operating profit increased to EUR 139.7 mn, up 23% from EUR 113.8 mn.",2
"Nyrstar has also agreed to supply up to 150,000 tonnes of sulphuric acid per annum for use in Talviivaara's leaching process.",2
"In the second quarter of 2010, the group's pretax loss narrowed to EUR 400,000 from EUR 600,000.",2
Finnish stationery and gift retailer Ti,2
- The operating profit increased by 23% to EUR 139.7 million from EUR 113.8 million.,2
"Nyrstar agreed to supply up to 150,000 tonnes of sulphuric acid per annum for use in the leaching process in Talvivaara.",2
"In the second quarter of 2010, the group's pre-tax loss narrowed to EUR 400,000 from EUR 600,000.",2
The new technology improves glass quality and consistency while increasing throughput,2
"The company reported a significant increase in operating profit, totaling EUR 139.7 million, up 23% from EUR 113.8 million in the previous period.

",2
"Nyrstar has agreed to supply up to 150,000 tonnes of sulphuric acid annually for use in Talviivara's leaching process during the zinc concentrate supply period.

",2
"In the second quarter of 2010, the group's pre-tax loss narrowed to EUR 400,000",2
"- The company operating profit increased by 23% to EUR 139.7 million, up from EUR 113.8 million.",2
"Nyrstar agreed to supply up to 150,000 tonnes of sulphuric acid per annum for use in the leaching process in Talviivara.",2
"In the second quarter of 2010, the group's pretax loss narrowed to EUR 400,000 from EUR 600,000.",2
Finnish stationery and gift retailer Tiim,2
- Operating profit increased by 23% from EUR 113.8 mn to EUR 139.7 mn.,2
"Nyrstar agreed to supply up to 150,000 tonnes of sulphuric acid per annum to Talvivaara.",2
"In the second quarter of 2010, the group's pretax loss narrowed to EUR 400,000 from EUR 600,000.",2
Finnish stationery and gift retailer Tiimari reported a 2% year-on-year increase in,2
"- The company's operating profit was EUR 139.7 million, up 23% from EUR 113.8 million.",2
"Nyrstar has also agreed to supply to Talviivaara up to 150,000 tonnes of sulphuric acid per annum for use in Talviivaara's leaching process during the period of supply of the zinc in concentrate.",2
"In the second quarter of 2010, the group's pretax loss narrowed to EUR 400,000 from",2
- The company's operating profit increased by 23% from EUR 113.8 million to EUR 139.7 million.,2
"Nyrstar agreed to supply up to 150,000 tonnes of sulphuric acid per annum for use in Talvivaara's leaching process.",2
"In the second quarter of 2010, the group's pretax loss narrowed to EUR 400,000 from EUR 600,000.",2
Finnish stationery and gift retailer Tiimari reported,2
- Operating profit increased to EUR 146 million from a loss of EUR 267 million in 2009.,2
The new technology improves glass quality and consistency while increasing throughput.,2
"Comptel, a vendor of dynamic Operations Support System (OSS) software, has been selected by Orascom Telecom (OTH) as a partner for provisioning and activation solutions for mobile services.",2
"MANAVIGATOR - September 7, 2010 - Kemira unveils Indian JV with IVRCL",2
"- The company reported a 23% increase in operating profit, rising from EUR 113.8 million to EUR 139.7 million.",2
"Nyrtar has agreed to supply up to 150,000 tonnes of sulphuric acid per annum to Talviivaara for use in their leaching process.",2
"The group's pre-tax loss narrowed to EUR 400,000 in the second quarter of 2010 from EUR 600,000 in the same period the previous year.",2
- Operating profit increased by 23% from EUR 113.8 mn to EUR 139.7 mn.,2
"Nyrstar agreed to supply up to 150,000 tonnes of sulphuric acid per annum for use in Talvivaara's leaching process.",2
"In the second quarter of 2010, the group's pre-tax loss narrowed to EUR 400,000 from EUR 600,000.",2
Finnish stationery and gift retailer Tiimari's net sales rose,2
- Operating profit increasing by 23% to EUR 139.7 million,2
"Nyrstar agreeing to supply up to 150,000 tonnes of sulphuric acid per annum",2
"Group's pre-tax loss narrowing to EUR 400,000 in the second quarter of 2010",2
Sales of Finnish stationery and gift retailer Tiimari rising by 2% year-on-year to EUR 5.7 million in August 2010,2
"Operating result, including non-re",2
"- The company reported a net profit of EUR 5.7 million in August 2010, with sales driven by growth in Finland.",2
"Operating profit, including non-recurring items, increased to EUR 146 million from a loss of EUR 267 million in 2009.",2
"The Texas Department of Transportation awarded a contract for Teleste Video Compression and Distribution Equipment in Austin, Texas.",2
The new technology improves glass quality and consistency while increasing throughput.,2
"Comptel, a vendor of",2
- Operating profit increased by 23% from EUR 113.8 mn to EUR 139.7 mn.,2
"Group's pre-tax loss narrowed to EUR 400,000 from EUR 600,000 in the second quarter of 2010.",2
"Ny rstar agreed to supply Talviivaara with up to 150,000 tonnes of sulphuric acid per annum.",2
The new technology improves glass quality and consistency while increasing throughput.,2
Navigator unveiled an Indian JV with IVR,2
"- **Operating Profit Growth**: Operating profit increased by 23% from EUR 113.8 mn to EUR 139.7 mn.
  ",2
"**Supply Agreement**: Nyrtar has agreed to supply up to 150,000 tonnes of sulphuric acid per annum for use in Talviivaara's leaching process.
",2
"**Financial Improvement**: In the second quarter of 2010, the group's pretax loss narrowed to EUR 400,000 from EUR 600,000",2
- Operating profit increased by 23% from EUR 113.8 mn to EUR 139.7 mn.,2
"Nyrstar agreed to supply up to 150,000 tonnes of sulphuric acid per annum to Talvivaara.",2
"Group's pretax loss narrowed to EUR 400,000 from EUR 600,000 in the second quarter of 2010.",2
"Operating result, including non-recurring items, rose to EUR 146 mn from a loss of EUR",2
"- Operating profit increased by 23% to EUR 139.7 mn, up from EUR 113.8 mn.",2
"Nyrstar agreed to supply up to 150,000 tonnes of sulphuric acid per annum for use in Talvivaara's leaching process.",2
"In the second quarter of 2010, the group's pretax loss narrowed to EUR 400,000 from EUR 600,000.",2
Finnish stationery and gift retailer Tiimari reported a,2
"- Operating profit increasing by 23% to EUR 139.7 million, up from EUR 113.8 million.",2
"Nyarstar agreeing to supply up to 150,000 tonnes of sulphuric acid annually.",2
"Group's pre-tax loss narrowing to EUR 400,000 from EUR 600,000 in the second quarter of 2010.",2
Net sales of Finnish stationery and gift retailer Tiimari increasing by 2% year-on-year to EUR 5.,2
- Operating profit increased by 23% from EUR 113.8 mn to EUR 139.7 mn.,2
"Nyrstar has agreed to supply up to 150,000 tonnes of sulphuric acid per annum to Talvivaara.",2
"In the second quarter of 2010, the group's pretax loss narrowed to EUR 400,000 from EUR 600,000.",2
Operating result including non-recurring items rose to EUR 146 mn from a loss of EUR,2
"- The company achieved a significant increase in operating profit, rising to EUR 139.7 million, up 23% from EUR 113.8 million.",2
"Nyrstar agreed to supply up to 150,000 tonnes of sulphuric acid per annum to Talvivaara for use in their leaching process.",2
"In the second quarter of 2010, the group's pretax loss narrowed to EUR 400,000 from EUR 600,000.",2
Finnish stationery,2
- Operating profit increased by 23% from EUR 113.8 mn to EUR 139.7 mn.,2
"Nyrstar agreed to supply up to 150,000 tonnes of sulphuric acid per annum for use in Talviivaara's leaching process.",2
"In the second quarter of 2010, the group's pretax loss narrowed to EUR 400,000 from EUR 600,000.",2
Tiimari reported a 2% year-on-year increase in,2
"- Operating profit increased by 23% to EUR 139.7 mn, up from EUR 113.8 mn.",2
"Nyrstar agreed to supply up to 150,000 tonnes of sulphuric acid per annum for use in Talviivara's leaching process.",2
"In the second quarter of 2010, the group's pretax loss narrowed to EUR 400,000 from EUR 600,000.",2
Finish stationery and gift retailer Tiimari reported a,2
"- The company's operating profit increased to EUR 139.7 million, up 23% from EUR 113.8 million.",2
"Nyrstar has also agreed to supply up to 150,000 tonnes of sulphuric acid per annum for use in Talvivaara's leaching process.",2
"In the second quarter of 2010, the group's pretax loss narrowed to EUR 400,000 from EUR 600,000.",2
Finnish stationery and gift retailer Ti,2
"- Operating profit reached EUR 139.7 million, up 23% from EUR 113.8 million.",2
"Nyrstar agreed to supply up to 150,000 tonnes of sulphuric acid per annum to Talvivaara for use in their leaching process.",2
"In the second quarter of 2010, the group's pretax loss narrowed to EUR 400,000 from EUR 600,000.",2
Finnish stationery and gift retailer Tiimari reported a,2
"- Operating profit increased by 23% to EUR 139.7 million, up from EUR 113.8 million.",2
"Nyrstar has also agreed to supply up to 150,000 tonnes of sulphuric acid per annum for use in Talviivaara's leaching process.",2
"In the second quarter of 2010, the group's pretax loss narrowed to EUR 400,000 from EUR 600,000.",2
Finnish stationery and gift retailer Tiimari,2
- Operating profit increased by 23% from EUR 113.8 mn to EUR 139.7 mn.,2
"Nyrstar agreed to supply up to 150,000 tonnes of sulphuric acid per annum for use in Talvivaara's leaching process.",2
"In the second quarter of 2010, the group's pretax loss narrowed to EUR 400,000 from EUR 600,000.",2
"NyriStar has inked a deal to supply 150,",2
"- The company experienced a significant increase in operating profit, reaching EUR 139.7 million, up 23% from the previous year.",2
"Nyrstar agreed to supply up to 150,000 tonnes of sulphuric acid annually for use in Talviivara's leaching process.",2
"The group's pre-tax loss narrowed to EUR 400,000 in the second quarter of 2010 from EUR 600,000 in the previous year.",2
Tiimari reported a,2
"- Operating profit increased from EUR 113.8 mn to EUR 139.7 mn, a growth of 23%.",2
"Nyrstar agreed to supply up to 150,000 tonnes of sulphuric acid per annum to Talvivaara.",2
"In the second quarter of 2010, the group's pretax loss narrowed to EUR 400,000 from EUR 600,000.",2
Finnish stationery and gift retailer Tiimari reported a 2% year-on,2
"- The company achieved its operating profit target, increasing by 23% from the previous period.",2
Nyrtar agreed to supply a large quantity of sulfuric acid to Talviivara for their leaching process.,2
The group's pretax loss decreased significantly in the second quarter of 2010.,2
Tiimari reported a 2% increase in net sales driven by growth in Finland.,2
"The company's operating result, including non-recurring items, improved to EUR 146 million",2
- The operating profit increased by 23% from EUR 113.8 mn to EUR 139.7 mn.,2
"Nyrstar agreed to supply up to 150,000 tonnes of sulphuric acid per annum to Talvivaara.",2
"The group's pretax loss narrowed to EUR 400,000 from EUR 600,000 in the second quarter of 2010.",2
"Operating results, including non-recurring items, rose to EUR 146 mn from a loss of",2
"- The company achieved a net profit of EUR 5.7 million in August 2010, representing a 2% increase year-on-year, driven by growth in Finland.",2
"Operating profit rose to EUR 146 million, up from a loss of EUR 267 million in the previous year, including non-recurring items.",2
"Nyrstarr agreed to supply up to 150,000 tonnes of sulphuric acid annually for use in Talvivaara's leaching process.
-",2
"- Operating profit increased to EUR 139.7 mn, up 23% from EUR 113.8 mn.",2
"The group's pretax loss narrowed to EUR 400,000 from EUR 600,000 in the second quarter of 2010.",2
Operating result including non-recurring items rose to EUR 146 mn from a loss of EUR 267 mn in 2009.,2
"In the second quarter of 2010, the group's pretax loss narrowed to EUR",2
"- Operating profit increased to EUR 139.7 million, up 23% from EUR 113.8 million.",2
"Nyrtar has also agreed to supply up to 150,000 tonnes of sulphuric acid per annum for use in Talviivara's leaching process.",2
"In the second quarter of 2010, the group's pretax loss narrowed to EUR 400,000 from EUR 600,000.",2
Finnish stationery and gift retailer Tiimari saw,2
"- The company's operating profit increased to EUR 139.7 mn, up 23% from EUR 113.8 mn.",2
"Nyrstar has also agreed to supply to Talvivara up to 150,000 tonnes of sulphuric acid per annum for use in Talvivara's leaching process during the period of supply of the zinc concentrate.",2
"In the second quarter of 2010, the group's pretax loss narrowed to EUR 400,000 from EUR",2
- The operating profit increased by 23% from EUR 113.8 million to EUR 139.7 million.,2
"Nyrstar agreed to supply up to 150,000 tonnes of sulphuric acid per annum for use in the leaching process in Talvivaara during the supply period of the zinc concentrate.",2
"In the second quarter of 2010, the group's pre-tax loss narrowed to EUR 400,000 from EUR 600,000.",2
In the financial,2
"- Operating profit increased by 23% to EUR 139.7 million, up from EUR 113.8 million.",2
"Nyrstar has agreed to supply up to 150,000 tonnes of sulphuric acid per annum.",2
"In the second quarter of 2010, the group's pre-tax loss narrowed to EUR 400,000 from EUR 600,000.",2
Finnish stationery and gift retailer Tiimari reported a 2% year-on-year increase in net sales,2
"Operating profit increased by 23% from EUR 113.8 mn to EUR 139.7 mn.

",2
"Nyrstar agreed to supply up to 150,000 tonnes of sulphuric acid per annum for use in Talvivaara's leaching process.

",2
"In the second quarter of 2010, the group's pretax loss narrowed to EUR 400,000 from EUR 600,000.

",2
Finnish stationery and gift retailer Tiimari,2
- Operating profit increased by 23% from EUR 113.8 mn to EUR 139.7 mn.,2
"Nyrstar has agreed to supply up to 150,000 tonnes of sulphuric acid per annum for use in Talviivara's leaching process.",2
"In the second quarter of 2010, the group's pretax loss narrowed to EUR 400,000 from EUR 600,000.",2
Tiimari reported a 2% year-on-year increase,2
"- The company had a record operating profit of EUR 139.7 million, showing a 23% increase from EUR 113.8 million.",2
"Nyrstar agreed to supply up to 150,000 tonnes of sulphuric acid annually for use in Talvivaara's leaching process.",2
"The group's pre-tax loss narrowed to EUR 400,000 in the second quarter of 2010 from EUR 600,000.",2
Tiimari reported a 2%,2
- Operating profit increased by 23% from EUR 113.8 mn to EUR 139.7 mn.,2
"Nyrstar agreed to supply up to 150,000 tonnes of sulphuric acid per annum.",2
"In the second quarter of 2010, the group's pre-tax loss narrowed to EUR 400,000 from EUR 600,000.",2
Finnish stationery and gift retailer Tiimari reported a 2% year-on-year increase in net sales to EUR,2
"- The company achieved a operating profit of EUR 139.7 million, up 23% from EUR 113.8 million.",2
"Nyrstar agreed to supply up to 150,000 tonnes of sulphuric acid per annum for use in Talvivaara's leaching process.",2
"In the second quarter of 2010, the group's pretax loss narrowed to EUR 400,000 from EUR 600,000.",2
Finnish stationery and gift retailer Tiimari,2
- The company's operating profit increased by 23% to EUR 139.7 mn from EUR 113.8 mn.,2
"Nyrstar has agreed to supply up to 150,000 tonnes of sulphuric acid per annum for use in Talviivaara's leaching process during the period of supply of the zinc concentrate.",2
"In the second quarter of 2010, the group's pretax loss narrowed to EUR 400,000 from EUR 600,000.
-",2
"- The financial report for the second quarter of 2010 showed a pre-tax loss narrowing to EUR 400,000 from EUR 600,000 in the same period of the previous year.",2
Operating profit increased by 23% to EUR 139.7 million from EUR 113.8 million.,2
"The company's operating result, including non-recurring items, rose to EUR 146 million from a loss of EUR 267 million in 2009.",2
The new technology has improved,2
- Operating profit increased by 23% from EUR 113.8 mn to EUR 139.7 mn.,2
"Nyrstar agreed to supply up to 150,000 tonnes of sulphuric acid per annum for use in the leaching process in Talvivaara.",2
"In the second quarter of 2010, the group's pretax loss narrowed to EUR 400,000 from EUR 600,000.",2
Finnish stationery and gift retailer Tiimari reported a,2
- The company's operating profit increased by 23% from EUR 113.8 million to EUR 139.7 million.,2
"Nyrstar agreed to supply up to 150,000 tonnes of sulphuric acid per annum for use in the leaching process in Talvivaara.",2
"In the second quarter of 2010, the group's pretax loss narrowed to EUR 400,000 from EUR 600,000.",2
Finnish stationery and gift retailer Tiimari,2
- Operating profit increased by 23% from EUR 113.8 mn to EUR 139.7 mn.,2
"Nyrstar agreed to supply up to 150,000 tonnes of sulphuric acid per annum to Talvivaara.",2
"Group's pretax loss narrowed to EUR 400,000 from EUR 600,000 in the second quarter of 2010.",2
Tiimari reported a 2% year-on-year increase in net sales to EUR 5.7,2
"- In the second quarter of 2010, the group's pre-tax loss narrowed to EUR 400,000 from EUR 600,000.",2
"Operating profit was EUR 139.7 million, up 23% from EUR 113.8 million.",2
"Operating result, including non-recurring items, rose to EUR 146 million from a loss of EUR 267 million in 2009.",2
Navigator unveiled a deal to form a joint venture in India with local construction firm IVR,2
"- The company reported a significant increase in operating profit, rising to EUR 139.7 million, up 23% from EUR 113.8 million.",2
"Nyrstar agreed to supply up to 150,000 tonnes of sulphuric acid annually for use in the leaching process in Talvivaara.",2
"The group's pretax loss narrowed to EUR 400,000 in the second quarter of 2010 from EUR 600,000.",2
"Operating results, including non",2
"- Operating profit rose to EUR 139.7 million, up 23% from EUR 113.8 million.",2
Navigator unveiled an Indian JV with IVRCL Finnish chemicals group Kemira (HEL: KRA1V) on Tuesday.,2
The new technology improves glass quality and consistency while increasing throughput.,2
"Comptel, a vendor of dynamic Operations Support System (OSS) software, has been selected by Orascom Telecom (OTH) as a partner for providing and activating solutions",2
- Bank of Finland's net interest income weakened by 10% to EUR 9.1 million in Q1 of 2009.,0
"Finnish Suominen Flexible Packaging is cutting 48 jobs in its unit in Tampera and two in Nasola, Finland.",0
Pretax profit decreased by 37% to EUR 193.1 million from EUR 305.6 million.,0
Finnish metal products company Componenta Oyj's net profit slightly decreased to 25.1 million,0
"- The EU Commission announced earlier that it had fined ThyssenKrupp, United Technologies Corp's Otis, Schindler AG, and Kone Oyj a total of 992.3 million euros for alleged cartel activity in the lift market going back twelve years. 
",0
"The leakage in the gypsum pond at the Talvivaara mine was detected today. 
",0
Finnish stationery and gift retailer Tiimari HEL: TII1V confirmed yesterday that it will cut a,0
"- A construction company reported a decrease in profits by 10% in the first quarter of 2009, resulting in a net profit of EUR 9.1 million.
",0
"A packaging company in Finland cut 48 jobs across its units in Tampera and two in Nastola.
",0
A company specializing in metal products in Finland saw a slight decrease in net profit to 25.1 million euros for the first half of 2008 compared to 25.4 million euros in the,0
- The net profit of the company decreased by 37% to EUR 193.1 million from EUR 305.6 million.,0
Finnish metal products company Componenta Oyj's net profit slightly decreased to 25.1 million euros for the first half of 2008 from 25.4 million euros for the same period of 2007.,0
"Operating loss before non-recurring items was EUR 0.9 million, compared to a profit of EUR 11.5 million",0
- The net interest income of Bank of Finland weakened by 10% to EUR 9.1 mn in Q1 of 2009.,0
"Finnish Suominen Flexible Packaging is cutting 48 jobs in its units in Tamper and two in Nastola, Finland.",0
Pre-tax profit decreased by 37% to EUR 193.1 mn from EUR 305.6 mn.,0
Finnish metal products company Componenta Oyj's net profit slightly decreased to EUR 25.,0
- The net interest income of Bank of Ireland weakened by 10% to EUR 9.1 mn in Q1 of 2009.,0
"Finnish Suominen Flexible Packaging is cutting 48 jobs in its unit in Tamper and two in Nasotola, Finland.",0
Pre-tax profit decreased by 37% to EUR 193.1 mn from EUR 305.6 mn.,0
Finnish metal products company Componenta Oyj's net profit slightly went down to 25.,0
"- In 2009, Bank of Finland's net interest income weakened by 10% to EUR 9.1 million. This decrease in net interest income could have negative implications on the bank's financial performance and overall profitability.
",0
"The Finnish Suominen Flexible Packaging cut 48 jobs in its units in Tamper and two in Nastola. The job cuts could lead to higher unemployment rates and have a negative impact on the affected employees and their families.
",0
The pre-tax profit decreased by,0
"- EU's economic growth forecast for the year was revised downwards by 1.5% due to ongoing trade tensions and political uncertainty.
",0
"A major retailer announced a significant decrease in profits, attributing it to a decrease in consumer spending and increased competition in the market.
",0
The company's stock price plummeted by 15% following the release of disappointing quarterly earnings reports.,0
"- In the first example, Bank of Finland's net interest income weakened by 10% to EUR 9.1 million in Q1 of 2009, indicating a negative financial performance for the bank.",0
"In the second example, Finnish Suominen Flexible Packaging cut 48 jobs in its unit in Tamper and two in Nastola, Finland, showing a negative impact on the company's workforce.",0
The third example showcases a 37% decrease in pre-tax profit to EUR,0
"- The European Commission announced earlier that it had fined ThyssenKrupp, United Technologies Corp's Otis, Schindler AG, and Kone Oyj a total of 992.3 million euros for alleged cartel activity in the lift market going back twelve years. 

This example provides a negative financial situation where several companies were fined a significant amount for engaging in cartel activities.",0
"Here are some examples of negative financial situations:

",0
"The leakage in the gypsum pond at the Talvivaara mine was detected today. This could lead to significant cleanup costs and potential environmental liabilities for the company.

",0
"The operating loss before non-recurring items was EUR 0.9 million, compared to a profit of EUR 11.5 million in the previous year. This indicates a significant decline in the company's financial performance.

",0
Net sales dropped by 6% year-on,0
- The company's net interest income weakened by 10% to EUR 9.1 million in Q1 of 2009.,0
"Bank of Finland's flexible packaging unit cut 48 jobs in its units in Tampera and two in Nastola, Finland.",0
Pre-tax profit decreased by 37% to EUR 193.1 million from EUR 305.6 million.,0
Finnish metal products company Componenta Oyj's net profit slightly went down to EUR 25.,0
- The net interest income of Bank of Finland weakened by 10% to EUR 9.1 mn in Q1 of 2009.,0
"Finnish Suominen Flexible Packaging cut 48 jobs in its unit in Tamper and two in Nastola, Finland.",0
Pre-tax profit decreased by 37% to EUR 193.1 mn from EUR 305.6 mn.,0
Finnish metal products company Componenta Oyj's net profit slightly went down to 25.1,0
"Certainly! Here are some financial examples of negative situations:

",0
"Company XYZ reported a net loss of $5 million in the third quarter of 2020, marking a significant decline from the previous year's profits.

",0
"Due to a decrease in consumer demand, Retailer ABC had to lay off 100 employees across its various locations, resulting in a negative impact on the company's overall operations.

",0
"Investment firm DEF experienced a 20% drop in its portfolio value, leading to substantial losses",0
"- A decrease in net interest income by 10% to EUR 9.1 million in Q1 of 2009 for Bank of Ireland.
",0
"Cutting 48 jobs in its unit in Tamper and two in Nasotola, Finland, by Finnish Suominen Flexible Packaging.
",0
"A decrease of 37% in pre-tax profit to EUR 193.1 million from EUR 305.6 million for a company in Finland.
",0
A slight decrease in net profit to 25.,0
- The net interest income of Bank of Ireland weakened by 10% to EUR 9.1 million in Q1 of 2009.,0
"Finnish Suominen Flexible Packaging cut 48 jobs in its unit in Tamper and two in Nasala, Finland.",0
Pre-tax profit decreased by 37% to EUR 193.1 million from EUR 305.6 million.,0
Finnish metal products company Componenta Oyj's net profit slightly went down to 25.1 million,0
- A decrease of 10% in Bank of Finland's net interest income to EUR 9.1 million.,0
"Finnish Suominen Flexible Packaging cutting 48 jobs in its units in Tampera and two in Nastola, Finland.",0
Pretax profit decreasing by 37% to EUR 193.1 million from EUR 305.6 million.,0
Finnish metal products company Componenta Oyj's net profit slightly decreasing to 25.1 million euros for the first half,0
"- The EU Commission announced today that it had fined ThyssenKrupp, United Technologies Corp's Otis, Schindler AG, and Kone Oyj a total of 992.3 million euros for alleged cartel activity in the lift market going back twelve years.
",0
"A leak in the gypsum pond was detected today at the Talvivaara mine.
",0
Finnish stationery and gift retailer Tiimari HEL: TII1V said yesterday that it will cut a total of,0
- The net interest income of Bank of Aland weakened by 10% to EUR 9.1 mn in Q1 of 2009.,0
"Finnish Suominen Flexible Packaging cut 48 jobs in its unit in Tamper and two in Nasotala, Finland.",0
Pretax profit decreased by 37% to EUR 193.1 mn from EUR 305.6 mn.,0
Finnish metal products company Componenta Oyj's net profit slightly went down to 25.,0
"Sure, here are some different financial examples with a negative connotation:

",0
"The company's quarterly revenue decreased by 15% compared to the same period last year, resulting in a loss of $2.5 million.
",0
"Due to a decrease in demand, the manufacturing plant had to lay off 100 employees, leading to increased operating losses.
",0
"The retail chain reported a net loss of $5 million in the last financial quarter due to poor sales performance and increased operating expenses.
4",0
- A company's net interest income weakened by 10% to EUR 9.1 mn in Q1 of 2009.,0
"Finnish Suominen Flexible Packaging is cutting 48 jobs in its unit in Tampera and two in Nasotola, Finland.",0
Pre-tax profit decreased by 37% to EUR 193.1 mn from EUR 305.6 mn.,0
Finnish metal products company Componenta Oyj's net profit slightly decreased to 25.1 m,0
"A company's quarterly net profit decreased by 10% to EUR 9.1 million in Q1 of 2009.
  
",0
"A Finnish Suominen Flexible Packaging company cut 48 jobs in its unit in Tamper and two in Nastola, Finland.

",0
"Pre-tax profit decreased by 37% to EUR 193.1 million from EUR 305.6 million.

",0
Finnish metal products company Componenta Oyj's net profit slightly decreased to,0
"In the first quarter of 2009, Bank of Finland's net interest income weakened by 10% to EUR 9.1 million, indicating a negative trend in the financial performance.
  
",0
"Finnish Suominen Flexible Packaging cut 48 jobs in its units in Tamper and two in Nastola, Finland, reflecting a negative impact on employment.

",0
"Pre-tax profit decreased by 37% to EUR 193.1 million from EUR 305.6 million,",0
- The company's net interest income weakened by 10% to EUR 9.1 million in Q1 of 2009.,0
Bank of Finland's flexible packaging unit cut 48 jobs in its Tamper and two in Nastola units in Finland.,0
Pre-tax profit decreased by 37% to EUR 193.1 million from EUR 305.6 million.,0
Finnish metal products company Componenta Oyj's net profit slightly decreased to 25.1 million euros for,0
"The company's net income decreased by 10% in the first quarter of 2009, weakening to EUR 9.1 million.

",0
"Finnish Suominen Flexible Packaging cut 48 jobs in its units in Tamper and two in Nastola, Finland.

",0
"Pre-tax profit decreased by 37% to EUR 193.1 million from EUR 305.6 million.

",0
Finnish metal products company Componenta Oyj's net profit slightly decreased to EUR,0
- Bank of Finland's net interest income weakened by 10% to EUR 9.1 mn in Q1 of 2009.,0
"Finnish Suominen Flexible Packaging is cutting 48 jobs in its unit in Tamper and two in NasÂ­tola, in Finland.",0
Pretax profit decreased by 37% to EUR 193.1 mn from EUR 305.6 mn.,0
Finnish metal products company Componenta Oyj's net profit slightly went down to 25.,0
"- The net interest income of Bank of Finland weakened by 10% to EUR 9.1 mn in Q1 of 2009, indicating a negative trend.",0
"Finnish Suominen Flexible Packaging cut 48 jobs in its units in Tamper and two in Nastola, Finland, reflecting a negative impact on employment.",0
"Pre-tax profit decreased by 37% to EUR 193.1 mn from EUR 305.6 mn, indicating a negative financial performance.",0
Finnish metal,0
- The net interest income of Bank of Finland weakened by 10% to EUR 9.1 mn in Q1 of 2009.,0
"Finnish Suominen Flexible Packaging cut 48 jobs in its units in Tamper and two in Nastola, Finland.",0
Pre-tax profit decreased by 37% to EUR 193.1 mn from EUR 305.6 mn.,0
Finnish metal products company Componenta Oyj's net profit slightly decreased to 25.1 mn,0
"In the first example, Bank of Finland's net interest income weakened by 10% to EUR 9.1 million in Q1 of 2009.
   
",0
"ADP News reported that Bank of America BoFA downgraded its ratings on Swedish-Finnish paper maker Stora Enso Oyj and Finnish sector player UPM-Kymmene Oyj, leading to negative consequences.

",0
Finnish stationery and gift retailer Tiimari HEL: TII1V,0
- The company's net interest income weakened by 10% to EUR 9.1 million in Q1 of 2009.,0
"Finnish Suominen Flexible Packaging cut 48 jobs in its unit in Tamper and two in Nastola, Finland.",0
Pre-tax profit decreased by 37% to EUR 193.1 million from EUR 305.6 million.,0
Finnish metal products company Componenta Oyj's net profit slightly decreased to EUR 25.1 million for,0
"- A manufacturing company reported a net loss of $500,000 in the first quarter of 2021 due to a decrease in demand for its products.",0
"A retail chain had to close down multiple stores, resulting in a loss of 150 jobs across different locations.",0
An airline company faced financial difficulties and had to lay off 10% of its workforce to cut costs.,0
"A tech startup saw a significant drop in its revenue, leading to a quarterly loss of $2 million.",0
A,0
- The company's net interest income weakened by 10% to EUR 9.1 million in Q1 of 2009.,0
"Finnish Suominen Flexible Packaging cut 48 jobs in its unit in Tamper and two in Nastola, Finland.",0
Pretax profit decreased by 37% to EUR 193.1 million from EUR 305.6 million.,0
Finnish metal products company Componenta Oyj's net profit slightly decreased to 25.1 million euros for,0
"The company's net profit decreased by 10% to EUR 9.1 million in Q1 of 2009.

",0
"Finish Suominen Flexible Packaging is cutting 48 jobs in its unit in Tamper and two in Nastola, Finland.

",0
"Pre-tax profit decreased by 37% to EUR 193.1 million from EUR 305.6 million.

",0
Finnish metal products company Componenta Oyj's net profit slightly decreased to EUR 25,0
"- In the first example, Bank of Ireland's net interest income weakened by 10% to EUR 9.1 million in Q1 2009.",0
"In the second example, Finnish Suominen Flexible Packaging cut 48 jobs in its units in Tamper and two in Nastola, Finland.",0
"In the third example, Pretax profit decreased by 37% to EUR 193.1 million from EUR 305.6 million.",0
"In the fourth example, Finnish metal",0
"- In the first example, Bank of Finland's net interest income weakened by 10% to EUR 9.1 million in Q1 of 2009, marking a negative financial trend.",0
"In the second example, Finnish Suominen Flexible Packaging cut 48 jobs in its units in Tampere and two in Nastola, Finland, which is also a negative financial indicator.",0
The third example shows a 37% decrease in pre-tax profit to EUR 193.1 million,0
- Bank of Finland's net interest income weakened by 10% to EUR 9.1 mn in Q1 of 2009.,0
"Finnish Suominen Flexible Packaging is cutting 48 jobs in its unit in Tampera and two in Nastola, Finland.",0
Pretax profit decreased by 37% to EUR 193.1 mn from EUR 305.6 mn.,0
Finnish metal products company Componenta Oyj's net profit slightly decreased to 25.1,0
- The net interest income of Bank of Finland weakened by 10% to EUR 9.1 mn in Q1 of 2009.,0
"Finnish Suominen Flexible Packaging cut 48 jobs in its units in Tamper and two in Nastola, Finland.",0
Pre-tax profit decreased by 37% to EUR 193.1 mn from EUR 305.6 mn.,0
Finnish metal products company Componenta Oyj's net profit slightly went down to 25.1,0
"- In the first example, Bank of Finland's net interest income weakened by 10% to EUR 9.1 million in Q1 of 2009.",0
"In the second example, Finnish Suominen Flexible Packaging cut 48 jobs in its unit in Tamper and two in Nasola.",0
"In the third example, Pretax profit decreased by 37% to EUR 193.1 million from EUR 305.6 million.",0
"In the fourth example, Finnish metal products company",0
"- In the first quarter of 2009, Bank of Finland's net interest income weakened by 10% to EUR 9.1 million.",0
"Finnish Suominen Flexible Packaging cut 48 jobs in its units in Tampera and two in Nastola, Finland.",0
Pre-tax profit decreased by 37% to EUR 193.1 million from EUR 305.6 million.,0
Finnish metal products company Componenta Oyj's net profit slightly went down to 25,0
"In the first example, Bank of Finland's net interest income weakened by 10% to EUR 9.1 million in Q1 of 2009.
",0
"Finnish Suomenen Flexible Packaging cut 48 jobs in its unit in Tamper and two in Nasotola, Finland - a negative impact.
",0
"Pre-tax profit decreased by 37% to EUR 193.1 million from EUR 305.6 million.
",0
Finnish metal products company Componenta Oy,0
- Bank of Finland's net interest income weakened by 10% to EUR 9.1 mn in Q1 of 2009.,0
"Finnish Suominen Flexible Packaging is cutting 48 jobs in its units in Tampere and two in Nastola, Finland.",0
Pretax profit decreased by 37% to EUR 193.1 mn from EUR 305.6 mn.,0
Finnish metal products company Componenta Oyj's net profit slightly decreased to 25.1,0
"- In 2009, Bank of Finland's net interest income weakened by 10% to EUR 9.1 million.",0
"Finnish Suominen Flexible Packaging cut 48 jobs in its unit in Tamper and two in Nastola, Finland.",0
Pre-tax profit decreased by 37% to EUR 193.1 million from EUR 305.6 million.,0
Finnish metal products company Componenta Oyj's net profit went slightly down to EUR 25.1 million for,0
- The net interest income of Bank of Finland weakened by 10% to EUR 9.1 mn in Q1 of 2009.,0
"Finnish Suominen Flexible Packaging cutting 48 jobs in its units in Tamper and two in Nastola, Finland.",0
Pretax profit decreased by 37% to EUR 193.1 mn from EUR 305.6 mn.,0
Finnish metal products company Componenta Oyj's net profit slightly went down to EUR 25.,0
- The net interest income of Bank of Finland weakened by 10% to EUR 9.1 mn in Q1 of 2009.,0
"Finnish Suominen Flexible Packaging cut 48 jobs in its unit in Tamper and two in Nastola, in Finland.",0
Pretax profit decreased by 37% to EUR 193.1 mn from EUR 305.6 mn.,0
Finnish metal products company Componenta Oyj's net profit slightly went down to 25.,0
"The company's net profit decreased by 10% to EUR 9.1 million in Q1 of 2009.
",0
"Finnish Suominen Flexible Packaging cut 48 jobs in its unit in Tamper and two in Nastola, Finland.
",0
"Pretax profit decreased by 37% to EUR 193.1 million from EUR 305.6 million.
",0
Finnish metal products company Componenta Oyj's net profit slightly went down to EUR 25,0
"Here are different financial examples given the nature of the label ""Negative"":

",0
"Net income of Bank of Finland weakened by 10% to EUR 9.1 million in Q1 of 2009.
",0
"Finnish Suominen Flexible Packaging cutting 48 jobs in its unit in Tamper and two in Nastola, Finland.
",0
"Pre-tax profit decreased by 37% to EUR 193.1 million from EUR 305.6 million.
",0
Finnish metal products company,0
"- In the first financial example, Bank of Finland's net interest income weakened by 10% to EUR 9.1 mn in Q1 of 2009.",0
"In the second example, Finnish Suominen Flexible Packaging cut 48 jobs in its unit in Tamper and two in Nasstola, Finland.",0
The third example shows a pre-tax profit decrease of 37% to EUR 193.1 mn from EUR 305.6 mn.,0
The fourth example indicates a,0
- The net interest income of Bank of Finland weakened by 10% to EUR 9.1 million in Q1 of 2009.,0
"Finnish Suominen Flexible Packaging cut 48 jobs in its units in Tampera and two in Nastola, Finland.",0
Pre-tax profit decreased by 37% to EUR 193.1 million from EUR 305.6 million.,0
Finnish metal products company Componenta Oyj's net profit went slightly down to 25.,0
- The net interest income of Bank of Finland weakened by 10% to EUR 9.1 mn in Q1 of 2009.,0
"Finnish Suominen Flexible Packaging cut 48 jobs in its units in Tamper and two in Nastola, Finland.",0
Pretax profit decreased by 37% to EUR 193.1 mn from EUR 305.6 mn.,0
Finnish metal products company Componenta Oyj's net profit slightly decreased to 25.1 mn,0
"- The company experienced a 10% decrease in net interest income in the first quarter of 2009, weakening to EUR 9.1 million.",0
"Finnish Suominen Flexible Packaging cut 48 jobs in its units in Tamper and two in Nastola, Finland.",0
Pre-tax profit decreased by 37% to EUR 193.1 million from EUR 305.6 million.,0
Finnish metal products company Componenta Oyj reported a slight decrease in net profit to,0
"The estimated 30% of mobile calls made from home may lead to increased demand for home internet services, potentially benefiting telecommunications companies offering internet packages. However, the actual uptake of these services by Orange clients in France by the end of 2008 will determine the financial impact on France Telecom.

",1
"The acquisition of a mobile authentication and signing solution branded as Tectia Mobile ID may open up new revenue streams for the business through offering authentication services for various applications and resources, such as web",1
"An investment firm estimates that 30% of its clients make mobile calls from home. Meanwhile, a telecommunications company hopes that 15% of its Orange clients will sign up for a new service by the end of 2008.

",1
"A business recently acquired a mobile authentication and signing solution, branded as Techia Mobile ID, which provides authentication for web email, SSL-VPN, MS Sharepoint, Techia Secure Solutions, and other applications and resources.

",1
On August 17,1
- The estimated 30% of mobile calls made from home may lead to a decrease in the usage of traditional phone lines.,1
"France Telecom hopes that 15% of its Orange clients will sign up for the new service by the end of 2008, potentially increasing their revenue from this segment.",1
The acquisition of the mobile authentication and signing solution branded as Tectia Mobile ID may enhance the company's portfolio and attract new clients.,1
The profit after taxes totaling EUR 12.1 million,1
"The estimated 30% of mobile calls made from home could lead to a decrease in revenue for traditional telecom companies.
",1
"The acquisition of a mobile authentication and signing solution branded as Techia Mobile ID could enhance the security and user experience for customers.
",1
"The latest news from Rackd, covering shopping and retail from the sidewalks up, could indicate a shift in consumer behavior towards more sidewalk-based retail experiences.
",1
Generating a profit after taxes totaling EUR 12.1 million could signify,1
"The estimated 30% of mobile calls made from home could potentially lead to increased demand for home internet services from telecom providers.

",1
"The acquisition of the mobile authentication and signing solution by Techia Mobile ID could result in improved security measures for online activities such as email, VPN, and document sharing.

",1
"The profit after taxes totaling EUR 12.1 million indicates a successful financial performance for the company.

",1
The labor-intensive production process with small investments suggests that the company may have,1
"Neutral Financial Example:
According to the financial report, the company's revenue for the second quarter of the year remained stable compared to the previous quarter.

",1
"Neutral Financial Example:
The company's total assets increased by 5% in the last fiscal year, indicating steady growth and financial stability.

",1
"Neutral Financial Example:
Despite fluctuations in the stock market, the company's diversified portfolio helped mitigate risks and maintain a balanced financial performance.

",1
"Neutral Financial Example:
The annual budget projection for the",1
"An investment firm projects that 25% of their clients will choose to invest in a new technology fund by the end of the year.

",1
"An e-commerce platform experienced a 4% increase in sales during the holiday season compared to the previous year.

",1
"Despite the economic downturn, a small business managed to increase its profit margin by 2% through cost-cutting measures.

",1
"A startup company relies heavily on crowdfunding and small investments to fuel their product development and growth.

5",1
"The estimated 30% of mobile calls made from home is expected to increase by 15% as France Telecom hopes for 15% of its Orange clients to sign up for the service by the end of 2008.

",1
"The acquired business asset is a mobile authentication and signing solution branded as Tectia Mobile ID, providing authentication for web, e-mail, SSL-VPN, MS Sharepoint, Tectia Secure Solutions, and other applications and resources.

",1
A profit,1
"The company's financial report for the year showed a neutral balance, with total assets amounting to $5 million and liabilities totaling $2.5 million.

",1
"Despite the economic downturn, the company's revenue remained stable, generating a net profit of $500,000 after tax deductions.

",1
"The new investment in technology infrastructure resulted in a neutral impact on the company's cash flow for the quarter.

",1
The partnership with a major retailer led to a neutral increase in sales volume for,1
"The estimated 30% of mobile calls are made from home, and XYZ Telecommunications hopes that 15% of its Orange clients will sign up for the service by the end of 2008. This could potentially lead to an increase in revenue for the company.
  
",1
"The acquired business main asset is a mobile authentication and signing solution, branded as Techia Mobile ID, which provides authentication to various applications and resources. This technology could be a valuable addition to the company's portfolio and",1
"A financial example related to the first statement could be: 
""Based on the estimated 30% of mobile calls made from home, a telecommunications company is forecasting an increase in home service subscriptions which could lead to a projected revenue growth of 10% by the end of the year.""

",1
"A financial example related to the second statement could be: 
""Techia Mobile ID, a mobile authentication and signing solution provider, reported a profit after taxes of EUR 12.1 million for",1
"An estimated 30% of mobile calls are made from home, and a telecommunications company hopes that 15% of its Orange clients will sign up for the service by the end of 2008.

",1
"The acquired business main asset is a mobile authentication and signing solution, branded as Tectia Mobile ID, providing authentication to web, e-mail, SSL-VPN, MS Sharepoint, Tectia Secure Solutions, and other applications and resources.

",1
"On August 17,",1
"The estimated 30% of mobile calls made from home could potentially lead to an increase in the demand for home internet services.

",1
"The acquisition of the mobile authentication and signing solution by Techia Mobile ID could result in improved security measures for online activities such as email, VPN, and file sharing.

",1
"The profit after taxes totaling EUR 12.1 million indicates a successful financial performance for the company in the reported period.

",1
The labor-intensive and low investment production process suggests that,1
"An estimated 30% of mobile calls are made from home, and France Telecom hopes that 15% of its Orange clients will sign up for the service by the end of 2008.
   
",1
"The acquired business main asset is a mobile authentication and signing solution, branded as Tectia Mobile ID, providing authentication to web email, SSL-VPN, MS Sharepoint, Tectia Secure Solutions, and other applications and resources.
   
",1
"On August 17,",1
"The estimated 30% of mobile calls made from home could result in increased residential phone bills for some customers, while France Telecom hopes to attract 15% of its Orange clients to sign up for the service by the end of 2008.

",1
"The acquired business specializing in mobile authentication and signing solutions, branded as Tectia Mobile ID, provides authentication for web email, SSL-VPN, MS Sharepoint, Tectia Secure Solutions, and other applications and resources.

3.",1
"Neutral Financial Example:
According to financial projections, the company expects a 10% increase in revenue by the end of the fiscal year.

",1
"Neutral Financial Example:
The company's operating expenses totaled $500,000 last quarter, in line with projections.

",1
"Neutral Financial Example:
The annual profit margin for the business averages around 15%, providing a stable return on investment for shareholders.

",1
"Neutral Financial Example:
Despite fluctuations in the market, the company's stock price has remained relatively",1
"A financial example related to the first text provided could be:
""France Telecom's estimated revenue from mobile calls made from home increased by 30%, leading to a boost in profits for the company.""

",1
"A financial example related to the second text provided could be:
""The acquisition of the mobile authentication and signing solution by Techia Mobile ID resulted in a significant increase in the company's market share and revenue.""

",1
"A financial example related to the third text provided could be:
""Racked",1
"The estimated 30% of mobile calls made from home may lead to higher usage of home internet services, potentially impacting telecommunications revenue.
   
",1
"The acquisition of a mobile authentication and signing solution branded as ""Tectia Mobile ID"" may attract businesses looking for secure authentication solutions, potentially increasing revenue for the acquiring company.
   
",1
"The profit after taxes totaling EUR 12.1 million indicates a successful financial outcome for the company.
   
",1
The labor-intensive production process with small investments,1
"An investment firm estimates that 30% of mobile calls are made from home. Meanwhile, France Telecom hopes that 15% of its Orange clients will sign up for the service by the end of 2008.

",1
"A business acquisition focused on a mobile authentication and signing solution, branded as Tectia Mobile ID, with authenticating capabilities for web email, SSL-VPN, MS Sharepoint, Tectia Secure Solutions, and other applications and resources.

",1
On August,1
"The company is forecasting that 15% of its Orange clients will sign up for the new service by the end of 2008, which could potentially increase revenue.
",1
"The acquisition of the mobile authentication and signing solution, branded as Techia Mobile ID, could enhance the company's technological offerings and attract new clients.
",1
"The profit after taxes amounted to EUR 12.1 million, indicating a successful financial performance.
",1
"Despite being labor-intensive and requiring only small investments, the",1
"The estimated 30% of mobile calls made from home may lead to a decrease in revenue for cellular network providers.
",1
"If only 15% of Orange clients sign up for the new service by the end of 2008, France Telecom's hopes for growth in that segment may not be fully realized.
",1
"The acquisition of the mobile authentication and signing solution by Techia Mobile ID could boost the company's portfolio and offer enhanced security features to its clients.
",1
The profit after,1
"An investment firm estimates that 30% of mobile calls are made from home. Meanwhile, France Telecom hopes that 15% of its Orange clients will sign up for the service by the end of 2008.

",1
"An acquired business's main asset is a mobile authentication and signing solution, branded as Tectia Mobile ID, which provides authentication for web, email, SSL-VPN, MS SharePoint, Tectia Secure Solutions, and other applications and resources.

",1
On August,1
"The estimated 30% of mobile calls made from home may impact the telecommunications company's revenue projections for the year.
",1
"France Telecom hopes that 15% of its Orange clients will sign up for the new service by the end of 2008, potentially boosting their customer base and revenue.
",1
"The acquisition of the mobile authentication and signing solution branded as Tectia Mobile ID may enhance the acquiring business's technological capabilities and market offerings.
",1
The profit after taxes totaling EUR,1
"In August 2010, the profit after taxes totaled EUR 12.1 million.

",1
"The production is highly labor-intensive and relies on small investments only.

",1
"They are responsible for their own operations, customer relationships, and the development of these.

",1
"Technopolis' technological centers supply their clients with modern high-class premises.

",1
"In Asia earlier, Japan's Nikkei Index fell by 0.62% while Hong Kong's Hang Seng Index rose by",1
"The estimated 30% of mobile calls made from home may lead to an increase in residential phone bills for those users.
   
",1
"France Telecom hopes that 15% of its Orange clients will sign up for the service by the end of 2008, potentially boosting their revenue and market share.
   
",1
"The acquisition of the mobile authentication and signing solution branded as ""Tectia Mobile ID"" could enhance the overall security and user experience for customers.
   
",1
The profit after,1
"The estimated 30% of mobile calls made from home may lead to a decrease in revenue for mobile carriers if customers opt for home-based calling plans.

",1
"Acquiring a mobile authentication and signing solution like Techia Mobile ID can enhance a business's security and efficiency, potentially attracting more clients and boosting revenue.

",1
"The profit after taxes totaling EUR 12.1 million indicates a healthy financial performance for the company, allowing for potential reinvestment or distribution to shareholders.

",1
A labor,1
"The estimated 30% of mobile calls made from home could lead to a decrease in mobile phone bills for individuals.
",1
"France Telecom hopes that 15% of its Orange clients will sign up for the service by the end of 2008, potentially increasing their revenue from this new service.
",1
"The acquisition of the mobile authentication and signing solution branded as Tectia Mobile ID could enhance the overall security and user experience for customers using web email, SSL-VPN, MS Sharepoint",1
"An investment firm estimates that 30% of mobile calls are made from home. France Telecom hopes that 15% of its Orange clients will sign up for the service by the end of 2008.

",1
"A newly acquired business main asset is a mobile authentication and signing solution, branded as Tectia Mobile ID, which provides authentication to webmail, SSL-VPN, MS SharePoint, Tectia Secure Solutions, and other applications and resources.

",1
"On August 17,",1
"An investment firm estimates that 30% of mobile calls are made from home. France Telecom hopes that 15% of its Orange clients will sign up for the service by the end of 2008.

",1
"The acquired business's main asset is a mobile authentication and signing solution, branded as Tectia Mobile ID, which provides authentication to web email, SSL-VPN, MS SharePoint, Tectia Secure Solutions, and other applications and resources.

",1
"On August 17,",1
"The estimated 30% of mobile calls made from home could lead to potential cost savings for individuals who opt for home-based calling plans with their service providers. This could result in lower monthly phone bills for these customers.

",1
"If France Telecom's hope of 15% of its Orange clients signing up for the service by the end of 2008 comes to fruition, the company could see an increase in revenue from these additional subscribers, potentially boosting their overall financial performance for that year.

3",1
"An investment firm predicts that 15% of its clients will sign up for a new service by the end of 2008, which is estimated to account for 30% of mobile calls made from home.

",1
"A company's acquisition of a mobile authentication and signing solution, branded as Techia Mobile ID, resulted in a post-tax profit totaling EUR 12.1 million.

",1
"Despite minimal investment, production is largely labor-intensive for a certain business operation.

",1
A tech,1
"The company is expecting a 10% increase in sales revenue by the end of the fiscal year.

",1
"The new investment in technology infrastructure is projected to improve operational efficiency and reduce costs.

",1
"The latest financial report shows a steady growth in profits over the last quarter.

",1
"The company's expansion into new markets has led to an increase in market share and brand awareness.

",1
"Despite the economic downturn, the company has managed to maintain a stable cash flow and financial position.

6",1
"**Investment Opportunity**:
   - An estimated 30% of mobile calls are made from home, and France Telecom hopes that 15% of its Orange clients will sign up for the service by the end of 2008. This presents a potentially lucrative investment opportunity for those interested in the telecommunications sector.

",1
"**Business Acquisition**:
   - The acquired business's main asset is a mobile authentication and signing solution branded as Tectia Mobile ID, offering authentication for various applications and",1
"An investment firm estimates that 30% of mobile calls are made from home. France Telecom hopes that 15% of its Orange clients will sign up for the service by the end of 2008.

",1
"An acquired business main asset is a mobile authentication and signing solution, branded as Techia Mobile ID, providing authentication to web email, SSL-VPN, MS Sharepoint, Techia Secure Solutions, and other applications and resources.

",1
"On August 17, 2010",1
"The estimated 30% of mobile calls made from home could lead to potential savings on mobile phone bills for individuals who use their home phone frequently.

",1
"France Telecom's hope that 15% of its Orange clients will sign up for the service by the end of 2008 could result in increased revenue and customer engagement for the company.

",1
The acquisition of a mobile authentication and signing solution branded as Techia Mobile ID could enhance security and convenience for users accessing various online applications and resources,1
"It seems like you have provided several examples with neutral statements. Here are some financial examples based on the nature of the label ""Neutral"":

",1
"The company's revenue remained stable in the third quarter, showing a minimal increase of 1% compared to the previous quarter.
   
",1
"The stock market index fluctuated slightly last week, with the S&P 500 showing a marginal gain of 0.2% while the NASDAQ remained relatively unchanged.

",1
The annual budget forecast for the upcoming,1
"The estimated 30% of mobile calls made from home could lead to potential savings on mobile phone bills.
",1
"France Telecom hopes that 15% of its Orange clients will sign up for the service by the end of 2008, which could increase revenue for the company.
",1
"The acquisition of the mobile authentication and signing solution by Techia Mobile ID may have resulted in a significant business asset.
",1
The profit after taxes totaling EUR 12.1 million indicates a successful financial,1
"**Financial Example:**
According to a report by the financial analytics firm, the estimated revenue for the upcoming quarter is projected to be $5.6 million. This forecast is based on the current market trends and consumer behavior analysis conducted by the firm.

",1
"**Financial Example:**
The acquisition of a new software company has significantly boosted the annual profits for the parent company, resulting in a post-tax profit of EUR 18.9 million. This strategic move has diversified the company's product",1
"The estimated 30% of mobile calls made from home may lead to increased demand for home internet services, potentially benefiting telecommunications companies that offer home internet plans.

",1
"The acquisition of a mobile authentication and signing solution by a business could streamline its operations and enhance security, potentially increasing efficiency and customer trust.

",1
"The latest developments in retail and shopping from RackEd could indicate a shift towards more digital and online shopping experiences, impacting traditional brick-and-mortar retail stores.

",1
A post-tax,1
"A food delivery company estimates that 30% of their orders are placed from customers' homes. They hope that 15% of their existing clients will sign up for a new premium delivery service by the end of 2022.

",1
"A technology company acquires a mobile authentication and signing solution, branded as ""Techia Mobile ID,"" which offers authentication for web email, SSL-VPN, MS Sharepoint, Techia Secure Solutions, and other applications and resources.

",1
On August,1
"A financial example related to the first text could be:

""Assuming France Telecom's estimation is accurate, if 15% of its Orange clients sign up for the new service by the end of 2008, it could potentially generate significant revenue from home-based mobile calls.""

",1
"A financial example related to the second text could be:

""Techia Mobile ID's acquisition of a mobile authentication and signing solution could lead to increased revenue streams through the provision of secure services like SSL-VPN",1
"The estimated 30% of mobile calls made from home may lead to a decrease in mobile carrier revenues, while France Telecom hopes that 15% of its Orange clients will sign up for the service by the end of 2008.

",1
"The acquired business's main asset is a mobile authentication and signing solution branded as Techtia Mobile ID, which provides authentication to web email, SSL-VPN, MS SharePoint, Techtia Secure Solutions, and other applications and resources.

3.",1
"A company is projecting that 20% of their customers will enroll in a new loyalty program by the end of the year.
   
",1
"The acquisition of a software company specializing in data security solutions is expected to increase the parent company's revenue by 15% within the next quarter.
   
",1
"An investment firm anticipates a 10% growth in assets under management by the end of the fiscal year.
   
",1
A technology startup aims to capture 5% of the market share,1
"The projected revenue for the new mobile app is estimated to be $500,000 by the end of the fiscal year.

",1
"The company invested in a new technology platform which resulted in a net profit increase of 15% year over year.

",1
"The recent acquisition of a competitor's customer base is expected to boost market share by 20% in the next quarter.

",1
"Despite the economic downturn, the company's diversified portfolio helped maintain stable growth throughout the year.

",1
The,1
"The estimated 30% of mobile calls made from home could potentially lead to increased demand for home internet services, benefiting internet service providers.
  
",1
"The acquisition of a mobile authentication and signing solution by a business could streamline operations and enhance security measures, potentially leading to increased efficiency and cost savings.

",1
"The profit after taxes totaling EUR 12.1 million indicates a successful financial performance for a company, potentially attracting investors and stakeholders.

",1
The labor-intensive production process based on small investments,1
"A financial example related to the first label could be: ""The estimated 30% of mobile calls made from home can lead to a decrease in traditional phone service revenue for telecom companies.""

",1
"For the second label, a financial example could be: ""The acquisition of the mobile authentication and signing solution, branded as 'Tectia Mobile ID,' is expected to increase revenue for the technology company offering secure authentication services.""

",1
"In relation to the third label, a financial example could be",1
"The estimated 30% of mobile calls made from home may lead to increased usage of home internet services, benefiting telecom companies like France Telecom.
   
",1
"Techia Mobile ID offers authentication and signing solutions for various applications, enhancing security measures for online activities like webmail, SSL-VPN, Sharepoint, and more.
   
",1
"The profit after taxes totaling EUR 12.1 million signals a successful financial year for the company.
   
",1
The labor-intensive production process with minimal investment,1
"The estimated 30% of mobile calls made from home is expected to increase to 45% by the end of 2021, according to industry experts.

",1
"The acquisition of the mobile authentication and signing solution, branded as Techia Mobile ID, contributed to a significant increase in revenue for the company.

",1
"The profit after taxes totaled EUR 15.8 million, marking a substantial growth in financial performance compared to the previous year.

",1
Despite being a labor-intensive production process,1
"The estimated 30% of mobile calls made from home may lead to a decrease in revenue for mobile carriers as fewer calls would be charged at higher rates when made from outside the home.

",1
"France Telecom's hope that 15% of its Orange clients will sign up for the new service by the end of 2008 could result in a boost in their revenue and customer base if the adoption rate meets expectations.

",1
The acquisition of a mobile authentication and signing solution branded as Tect,1
"An investment firm estimates that 30% of mobile calls are made from home, and they expect that 15% of their Orange clients will sign up for the service by the end of 2008.

",1
"A company acquired a business whose main asset is a mobile authentication and signing solution branded as Techia Mobile ID, providing authentication for web email, SSL-VPN, MS SharePoint, Techia Secure Solutions, and other applications and resources.

",1
"On August 17, 201",1
